date,AOD,RH
2010-01-10,0.028900838665279767,88.4285002743547
2010-01-11,,84.4925803836036
2010-01-12,,83.1784050954185
2010-01-13,,87.85797549568713
2010-01-14,,90.72755372034902
2010-01-15,,93.39402417897402
2010-01-16,,88.12598856082053
2010-01-17,,90.72549606467808
2010-01-18,,91.30685884258125
2010-01-19,,92.25570973025168
2010-01-20,0.03894527484502206,89.73029700091567
2010-01-21,0.03199913388900803,90.8769666674162
2010-01-22,,91.98337721798539
2010-01-23,,93.40413272208637
2010-01-24,,91.89706797881377
2010-01-25,,92.89755357055401
2010-01-26,,93.33018992196654
2010-01-27,,92.5619629956988
2010-01-28,,93.0597689938271
2010-01-29,0.035618359636788895,93.27480568614142
2010-01-30,0.048989997278265925,90.2831674901282
2010-01-31,0.054425084222042966,91.65732067336214
2010-02-01,0.11481110222099565,86.83842367107316
2010-02-02,0.056442512602423466,89.02456392443052
2010-02-03,0.05057158681470777,86.8980224923794
2010-02-04,0.052813673031981735,87.70397916905932
2010-02-05,,88.35120330534103
2010-02-06,0.07119034044244557,91.44990416325933
2010-02-07,0.05847646777508566,93.02853940061941
2010-02-08,0.04327047003211236,94.6960699853329
2010-02-09,,99.25257510788013
2010-02-10,0.03580116967236097,84.27161234636168
2010-02-11,0.03861946026293244,81.4961096319262
2010-02-12,0.01190629852960506,94.08315341504795
2010-02-13,0.025825574010969053,87.98239872357333
2010-02-14,0.025228520354435777,88.72790499348014
2010-02-15,0.0333100626694774,85.33907917147174
2010-02-16,0.031071779853484652,87.97752749141986
2010-02-17,0.02161577363396965,94.53716953554081
2010-02-18,0.0453431067263621,86.78584093826316
2010-02-19,0.04511256671697019,91.2028238368359
2010-02-20,0.08846647829709141,90.76576723189748
2010-02-21,0.12653024612882566,88.53409748511896
2010-02-22,0.09504848644029543,92.96961267479172
2010-02-23,0.040376328517885765,96.18098921173286
2010-02-24,0.02254382201016875,93.08365414111975
2010-02-25,0.0210426518408945,94.04014494293564
2010-02-26,0.031594323130391205,92.95345786006197
2010-02-27,0.039468484602279336,93.96055992578388
2010-02-28,0.041199161636173626,94.74829502909049
2010-03-01,0.0831263505788898,95.08130047835091
2010-03-02,0.07459929311924159,91.8882788131689
2010-03-03,0.06000812659553579,92.69323484371536
2010-03-04,0.04539603366200442,91.36582199301475
2010-03-05,0.049365462412601466,90.89056193704337
2010-03-06,,93.93525958630435
2010-03-07,0.03318639884163627,90.18578485139399
2010-03-08,0.02639041570216851,93.58032932774641
2010-03-09,0.028799715981217583,92.39519836793961
2010-03-10,0.03521127738342406,92.76357529765419
2010-03-11,0.03925092403283501,92.60410741932556
2010-03-12,0.06969470977127526,90.61534950601846
2010-03-13,0.060676742547857106,90.70406138584761
2010-03-14,0.03008167609296555,93.57818713878267
2010-03-15,0.04674936550334841,90.14125390118016
2010-03-16,0.06803580374888839,93.27990492486796
2010-03-17,,91.2977484341843
2010-03-18,0.04389502642528663,93.8591117731554
2010-03-19,0.04157387689669184,92.96965595258287
2010-03-20,0.05489265129532185,92.11488244796932
2010-03-21,0.0483080488057958,93.08784950449225
2010-03-22,0.12776461462899885,92.26140129852286
2010-03-23,0.22253559603726905,87.58123428897764
2010-03-24,0.11837292728983659,88.2802614143375
2010-03-25,0.09789559542595212,89.18704473940164
2010-03-26,0.10969420120917274,86.967247865024
2010-03-27,0.08076262580567749,87.50126737316917
2010-03-28,0.09875683448048347,88.40722914461652
2010-03-29,0.12167409999397116,91.49432059896387
2010-03-30,0.10790136764515869,94.2260948595942
2010-03-31,0.09447303253785777,85.34248726000195
2010-04-01,0.159102363352261,82.67386225187369
2010-04-02,0.11090373586050865,83.58847219317937
2010-04-03,0.08436035674020333,86.7574796909131
2010-04-04,0.16271118216850544,83.01807651917788
2010-04-05,0.1631138379176505,80.39171005972536
2010-04-06,0.2519085457872018,80.1109202124206
2010-04-07,0.19235847426182925,84.21408056137051
2010-04-08,0.38085027358319157,84.64098887902826
2010-04-09,0.26670001748296557,82.05052907226053
2010-04-10,0.2976870485847629,79.01375456571485
2010-04-11,0.23670691089393536,81.94448927003562
2010-04-12,0.23367667929521294,80.07889846358837
2010-04-13,0.13588454376800155,84.55397309248058
2010-04-14,0.08517091941131016,84.15422503266859
2010-04-15,0.1161646670122358,88.40973690078768
2010-04-16,0.2050570739457496,87.7866028370986
2010-04-17,0.16274337012474607,87.25836499505112
2010-04-18,0.19115061041340461,90.23109896692279
2010-04-19,0.1162011417711918,86.32350926949812
2010-04-20,0.1283091389719401,79.01533462723272
2010-04-21,0.11930639798670653,83.91178543030239
2010-04-22,0.1764793372019825,78.5361992349764
2010-04-23,0.2109731746964212,78.44866702205641
2010-04-24,0.19307688257761563,77.60489076952514
2010-04-25,0.17635449155476426,77.10442657883402
2010-04-26,0.1491888606071405,81.12948426605256
2010-04-27,0.16509635289201072,84.29099684343318
2010-04-28,0.09273012550038624,92.49931945446009
2010-04-29,0.034152086263343276,95.56121921007873
2010-04-30,0.044745274201019154,94.04490818989085
2010-05-01,0.03701267972098951,96.0295103081939
2010-05-02,0.008815640037945051,97.99780580257683
2010-05-03,0.0287284992955475,92.42405629214774
2010-05-04,0.025328250520195054,95.1842142658762
2010-05-05,0.01562818096172178,96.1909407221581
2010-05-06,0.02593743847810681,95.38153172970796
2010-05-07,,96.95375807265954
2010-05-08,0.029628519465614137,94.08932902903952
2010-05-09,0.06110408253720533,88.92165003570337
2010-05-10,0.07157472254231592,86.17303314642162
2010-05-11,0.095902468165787,82.09619487835323
2010-05-12,0.08257632481200004,83.12441938922106
2010-05-13,,78.68426071221916
2010-05-14,0.06008908774731513,89.13203775798348
2010-05-15,0.04685649417217465,90.69241186150616
2010-05-16,0.0596536412863521,89.81303139966585
2010-05-17,0.09920249979300139,88.08758897166142
2010-05-18,0.07298988296146929,90.05704936597594
2010-05-19,0.035658555739811984,96.32848909428866
2010-05-20,0.044777929855853264,92.1382574493665
2010-05-21,0.045378139274779655,87.95760784479829
2010-05-22,0.048718549676510105,91.46287193820497
2010-05-23,0.009981049242718107,98.33538481633151
2010-05-24,0.009512647466570635,97.11370002737907
2010-05-25,,97.70250445097982
2010-05-26,,98.22674719738667
2010-05-27,,94.48048945067978
2010-05-28,,98.49138133831545
2010-05-29,,97.49909935359278
2010-05-30,,93.89927015024226
2010-05-31,,96.473370665781
2010-06-01,,95.18608240036464
2010-06-02,0.05916431517491107,90.42930078463802
2010-06-03,,94.21260965060098
2010-06-04,,93.78123688206708
2010-06-05,,93.54433784577239
2010-06-06,,88.9777438007838
2010-06-07,,87.9897023165198
2010-06-08,,93.69266900227483
2010-06-09,,90.47551178616992
2010-06-10,,90.19991208295886
2010-06-11,,95.06802020061693
2010-06-12,,92.34020969760792
2010-06-13,,96.26159544998926
2010-06-14,,97.0100360324658
2010-06-15,,94.44911269435171
2010-06-16,,97.87744719369545
2010-06-17,,98.49856380829233
2010-06-18,,95.9567253231027
2010-06-19,,97.97523931155598
2010-06-20,,96.94778313098149
2010-06-21,,97.63867429103364
2010-06-22,,97.28972778429483
2010-06-23,,98.07245716187974
2010-06-24,,99.5952185341251
2010-06-25,,97.62934937899963
2010-06-26,,99.24909056224874
2010-06-27,,97.86324478901292
2010-06-28,,99.13787871246032
2010-06-29,,98.70708556073245
2010-06-30,,99.01749992288855
2010-07-01,,96.85627497730276
2010-07-02,,97.15471942800829
2010-07-03,,94.29901902989792
2010-07-04,,97.50082815332951
2010-07-05,,97.12559728561972
2010-07-06,,98.57520533687966
2010-07-07,,96.0579915267673
2010-07-08,,97.39706761897729
2010-07-09,,99.66024349764061
2010-07-10,,97.9725020165792
2010-07-11,,96.68709126704397
2010-07-12,,98.36685818523073
2010-07-13,,96.02488027344941
2010-07-14,,94.6622769143097
2010-07-15,,97.15022048641451
2010-07-16,,98.42453480131095
2010-07-17,,98.6044055322254
2010-07-18,,99.93966239310421
2010-07-19,,99.73946561263224
2010-07-20,,97.96195129007003
2010-07-21,,98.05732376756463
2010-07-22,,98.06352649615972
2010-07-23,,98.95165613175372
2010-07-24,,99.2812981608611
2010-07-25,,96.11322221946526
2010-07-26,,97.04591735082165
2010-07-27,,97.86955789694903
2010-07-28,,96.6477754159232
2010-07-29,,98.47562163498557
2010-07-30,,97.99354799840279
2010-07-31,,96.96344696184914
2010-08-01,,98.33181689850893
2010-08-02,,95.00050173328964
2010-08-03,,94.68291797261583
2010-08-04,,98.04045846465192
2010-08-05,,93.37017748564516
2010-08-06,,97.6263506819299
2010-08-07,,96.99286945423947
2010-08-08,,96.33665110778068
2010-08-09,,98.11149642667965
2010-08-10,,98.55049494883174
2010-08-11,,99.45053638331036
2010-08-12,,96.92211878824327
2010-08-13,,99.19378123436934
2010-08-14,,96.91829953411687
2010-08-15,,98.80321027990246
2010-08-16,,97.52124045201656
2010-08-17,,99.62043879851343
2010-08-18,,98.47982881734667
2010-08-19,,98.41001577635014
2010-08-20,,97.02023172323479
2010-08-21,,98.02339880958326
2010-08-22,,99.46513781233764
2010-08-23,,99.21371634589555
2010-08-24,,99.3210611556097
2010-08-25,,98.41297796948926
2010-08-26,,98.91310058045731
2010-08-27,,99.78431128285078
2010-08-28,,99.49611592672456
2010-08-29,,98.49646313144072
2010-08-30,,97.02603674550907
2010-08-31,,97.3838292882613
2010-09-01,,97.2686482837359
2010-09-02,,98.09249818848798
2010-09-03,,98.33756811520894
2010-09-04,,98.72981011649415
2010-09-05,,98.01302466887077
2010-09-06,,98.13262696648897
2010-09-07,,98.05561973130128
2010-09-08,,96.58845691181239
2010-09-09,,96.9092021821684
2010-09-10,,96.74799105113071
2010-09-11,,98.22361013201993
2010-09-12,,98.76920767770582
2010-09-13,,98.88896491152373
2010-09-14,,99.67012943286139
2010-09-15,,98.27127127299204
2010-09-16,,98.7142781776514
2010-09-17,,98.74844735722533
2010-09-18,,97.2320525569813
2010-09-19,,98.00152619585184
2010-09-20,,99.20325137264354
2010-09-21,,97.98955605697266
2010-09-22,,99.32310736293984
2010-09-23,,98.18664908270901
2010-09-24,,94.52189201285925
2010-09-25,,96.3191779007818
2010-09-26,,92.02471044128619
2010-09-27,,94.22540580282222
2010-09-28,,95.38189745849687
2010-09-29,,94.29088526036932
2010-09-30,,96.20738247613743
2010-10-01,,95.70186932483182
2010-10-02,,95.74135425963725
2010-10-03,,93.21798975096694
2010-10-04,,95.08013590174859
2010-10-05,0.019468919751738922,93.62527167894781
2010-10-06,0.013992905358959022,95.3266658160161
2010-10-07,,95.64295699048397
2010-10-08,,94.85461087939747
2010-10-09,0.014547904991793445,96.13448919225299
2010-10-10,0.00802058469367016,98.3706740026804
2010-10-11,0.033436238978252715,93.85710441801429
2010-10-12,,96.82944553727742
2010-10-13,,94.30530136853594
2010-10-14,,95.14026722918872
2010-10-15,,94.42057415593365
2010-10-16,,98.78425600876616
2010-10-17,,96.65451212422744
2010-10-18,,95.30104960283477
2010-10-19,,95.89755867641526
2010-10-20,,94.39875853512008
2010-10-21,0.007355642688182874,95.74857656927695
2010-10-22,0.01211504313377025,93.8480123566429
2010-10-23,0.011440404398929988,93.96835283932768
2010-10-24,0.01519053769452008,92.68204194797511
2010-10-25,0.015986346857223898,92.25968353655367
2010-10-26,0.014125629011051242,93.29416519145053
2010-10-27,0.015160110546929773,92.73443515872748
2010-10-28,0.015604964048360037,91.2043525245122
2010-10-29,0.013963660037394122,94.33111413526167
2010-10-30,0.015163365898987613,92.93796665263243
2010-10-31,,96.05313100314655
2010-11-01,0.014464523753048191,93.60560687488103
2010-11-02,0.0103275338116789,96.6591461431039
2010-11-03,0.028339415074385674,92.20279843756607
2010-11-04,0.017385510179630893,94.10264913854324
2010-11-05,0.01415290671222456,93.9044082600819
2010-11-06,0.013170951163029996,94.36871249205
2010-11-07,0.019860020400255536,92.38445827883024
2010-11-08,0.020533030207763057,92.64505574799374
2010-11-09,0.026605624901783507,92.59681046380037
2010-11-10,0.010242968085713457,96.40805098039826
2010-11-11,0.008114904534161296,97.05824488633483
2010-11-12,0.0078088561789514494,98.09991238017213
2010-11-13,0.024908455991232085,96.37445124104421
2010-11-14,0.05357742380147714,94.79564189087068
2010-11-15,0.09661549039735945,92.0210265733839
2010-11-16,0.08172841523079633,91.60597348762896
2010-11-17,0.06815840856967395,91.5432677176338
2010-11-18,,95.68959949397686
2010-11-19,0.029059838222071296,95.13400126936669
2010-11-20,0.028006632891921675,93.8793658844989
2010-11-21,0.05074950108094555,89.81925957212033
2010-11-22,0.046370947736323206,91.5443674831461
2010-11-23,0.022765500205496583,94.64507332403049
2010-11-24,0.04740821834240931,91.03311148118107
2010-11-25,,92.30664400765808
2010-11-26,,91.43206622705091
2010-11-27,0.03914897983231122,90.98695228171088
2010-11-28,0.03690818884575587,91.58995735262329
2010-11-29,0.06422057603000289,86.03349269924092
2010-11-30,0.043729633410422374,86.06194487692404
2010-12-01,0.03352097043323692,92.35626527086472
2010-12-02,0.01570566325218119,95.18323866311074
2010-12-03,0.014546597928880389,94.36434284248261
2010-12-04,0.010912765193299227,95.75971974003703
2010-12-05,0.01311416577874571,93.9600208108309
2010-12-06,0.02014359921747223,88.82052459768957
2010-12-07,0.02773582563015892,84.74207824027874
2010-12-08,0.025592224265715374,85.97251510470961
2010-12-09,0.023320645832915734,88.51080688242479
2010-12-10,0.01636594038443748,92.63762950418649
2010-12-11,0.0259227700544072,91.47581717056055
2010-12-12,0.03701099983815129,90.20464407778843
2010-12-13,0.017226854827456596,96.4088214314437
2010-12-14,0.0256900723937855,94.90432292512209
2010-12-15,0.0567265940787762,87.81901401119116
2010-12-16,0.034806469304884895,91.12683961746993
2010-12-17,0.021924380122713808,92.68606932037979
2010-12-18,0.03222265926012702,89.30092601392992
2010-12-19,0.049126053318708666,85.09598433543142
2010-12-20,0.03888058534039092,87.1035635292721
2010-12-21,0.03895041775636984,89.1627566294809
2010-12-22,0.024231265573856214,93.39081892645058
2010-12-23,0.025895375787845624,93.42007181291191
2010-12-24,0.05047242937841976,86.01504870125414
2010-12-25,0.06637758355115192,86.01205706536118
2010-12-26,0.058452671262514945,88.36077977515616
2010-12-27,0.07011858738464517,84.76374139533208
2010-12-28,0.06340667206751223,84.10774044265922
2010-12-29,0.05525878155093153,86.0653017098298
2010-12-30,0.03423745471128214,90.13347203836359
2010-12-31,,95.7978224452877
2011-01-01,0.011570510751961374,97.18428532235876
2011-01-02,0.045347795423689274,88.33740532068208
2011-01-03,0.06535402576403333,85.17880113565106
2011-01-04,0.06019332267748224,85.56442584035379
2011-01-05,0.03958807508404913,88.54927485610669
2011-01-06,0.04954103618801355,85.00972738037672
2011-01-07,0.048630251016314345,86.78165911620094
2011-01-08,0.02949142142934006,90.93461866154225
2011-01-09,0.02346887005780545,93.10960480466377
2011-01-10,0.04421615640443085,85.93746762348701
2011-01-11,0.03284510637780584,89.67673242442912
2011-01-12,0.04562984830516621,88.12893971871989
2011-01-13,0.04255562706349321,87.46010864178496
2011-01-14,0.03548808750193766,88.54111731831395
2011-01-15,0.011040749642456407,97.00337090044926
2011-01-16,0.027786394241251035,95.85367197762457
2011-01-17,0.0544394698587833,87.89018383651033
2011-01-18,0.032188006031841326,96.8838438622088
2011-01-19,0.10712686249854052,91.6188618291401
2011-01-20,,92.07743726545762
2011-01-21,0.10203212894612983,92.5490572124044
2011-01-22,0.11618760935550611,90.70436316770882
2011-01-23,0.11240736201292974,90.33716662321906
2011-01-24,0.1393883347160114,85.8579316753656
2011-01-25,0.12403529403879288,84.36384867179304
2011-01-26,0.04636635690697571,93.01519522707574
2011-01-27,0.07078116322639164,86.1854054402909
2011-01-28,0.06719334891251594,90.09968928111853
2011-01-29,0.05126646538310214,91.26980494252601
2011-01-30,0.01582680860156031,97.3365502933443
2011-01-31,0.044215065295227764,89.50852874090633
2011-02-01,0.06582379990407354,88.95210048727891
2011-02-02,0.09637107696026383,91.2040633522129
2011-02-03,0.03175346601154395,92.11419369230704
2011-02-04,0.04542825451007905,89.77677212696157
2011-02-05,0.04479476866418163,92.2890924898064
2011-02-06,0.08746938591496593,89.05795634764559
2011-02-07,0.09444970314157032,84.81544848093536
2011-02-08,0.050595202240181124,89.70632425253318
2011-02-09,0.05111843435458391,89.83592711888028
2011-02-10,,87.40456525877202
2011-02-11,0.07740772938567912,88.26968692642811
2011-02-12,0.10988660600840484,89.22895575323324
2011-02-13,0.06844134784767693,93.42846595384005
2011-02-14,0.06969191106785363,93.01477804094026
2011-02-15,0.016967513263718526,98.71204547409681
2011-02-16,,99.28617517274738
2011-02-17,0.014852747673071088,91.12497032583539
2011-02-18,0.03159572312997796,88.05129083211486
2011-02-19,0.026555954104613658,90.87083256897138
2011-02-20,0.041076650151064126,88.77371391901949
2011-02-21,0.0502824601442149,89.87971209799103
2011-02-22,0.09789589768230049,79.98944998819447
2011-02-23,0.0742759743114082,84.4629153732175
2011-02-24,0.08639456781922272,85.20353171486313
2011-02-25,0.030535628737325626,92.29840554177355
2011-02-26,0.04793110010747398,85.77636586712893
2011-02-27,0.042296899938719774,85.72776299087312
2011-02-28,0.051801198777750045,81.85407937279147
2011-03-01,0.0432223105009884,84.93428980119133
2011-03-02,0.03346439805870439,90.03711361745461
2011-03-03,0.028081791467162776,91.49024802669274
2011-03-04,0.015538152945462878,94.74390011991497
2011-03-05,0.04081776882113587,86.77165903232986
2011-03-06,0.037177761547032874,85.22226694776982
2011-03-07,0.04799846553930634,86.08019601085248
2011-03-08,0.051405849482450784,89.66978822688742
2011-03-09,0.0389916309641077,91.04279804819338
2011-03-10,0.032771364647598215,87.8648153610473
2011-03-11,0.027999759679785997,93.07887900377895
2011-03-12,0.03828272052727875,90.57227415508855
2011-03-13,0.04069580484577125,92.28216002774873
2011-03-14,0.14068657333044432,78.73628999490788
2011-03-15,0.11712036790794529,83.50260363330158
2011-03-16,0.05417639648214845,91.09383281044482
2011-03-17,0.046577470722860684,97.0249707964861
2011-03-18,,95.22315924936827
2011-03-19,0.1419601283566166,90.06173160367369
2011-03-20,,97.3194549670853
2011-03-21,0.04778490403983392,90.23089800701682
2011-03-22,0.04376236352325759,90.2964222901602
2011-03-23,0.05729186572557948,88.65261063588407
2011-03-24,0.04188062364857069,87.32083260152791
2011-03-25,0.05696593732570405,89.0533805453793
2011-03-26,0.04074514440553391,93.9836612626696
2011-03-27,0.05309972922574802,95.76523198017813
2011-03-28,0.03707242330658842,95.39949344744832
2011-03-29,0.01614351694465406,97.80302145167158
2011-03-30,0.019292538814500073,97.43937542054006
2011-03-31,0.04065880722244592,91.05673095746558
2011-04-01,0.052477024448775576,86.87290773732992
2011-04-02,0.06635022162632083,82.51156741095512
2011-04-03,0.03593516539288109,93.34753414831862
2011-04-04,0.03214698537304484,91.86184195576868
2011-04-05,0.0758359485704987,83.98380557546889
2011-04-06,0.08988066707867884,82.36922305928368
2011-04-07,0.10506264439927004,80.86140071612265
2011-04-08,0.15282986889334252,80.7165732542649
2011-04-09,0.11715273973731095,83.80063702382978
2011-04-10,0.06032596782976022,90.46528204322458
2011-04-11,0.08348537775859133,88.38461388358121
2011-04-12,0.05863609950333107,93.45679802607788
2011-04-13,,95.35316790948991
2011-04-14,0.04241332712647366,88.41183926070205
2011-04-15,0.029388082752935456,91.77514769592776
2011-04-16,0.07910759662614951,86.22246692991898
2011-04-17,0.11072269497209195,88.08805710989009
2011-04-18,0.03206007289979706,94.57702125780911
2011-04-19,,93.4721213460338
2011-04-20,0.04662220805579387,81.59167905769435
2011-04-21,0.07826751142734847,77.75439495907365
2011-04-22,0.09231875513363727,80.46457901386404
2011-04-23,0.10970217916987982,84.52014229100068
2011-04-24,0.11808228818532472,91.36177398258327
2011-04-25,0.17379513406564417,89.64421519059296
2011-04-26,0.049729670272712814,93.36253839769132
2011-04-27,0.02868619871073509,95.19274458762101
2011-04-28,0.031032726640165396,96.2276898434514
2011-04-29,0.04053556980482012,96.45483951044001
2011-04-30,0.024281931715081098,93.87709047232032
2011-05-01,0.04556389583766148,92.37804947185235
2011-05-02,0.05004610194778125,90.56345563737086
2011-05-03,0.018712057525491953,96.89128453985812
2011-05-04,0.025096874118595645,97.17282986132373
2011-05-05,0.01966996911296498,96.71777812674152
2011-05-06,0.026809334930575232,95.73439026111463
2011-05-07,0.02100305892254151,94.94791411046185
2011-05-08,0.025327312487920754,92.8497146397425
2011-05-09,0.02350410774991044,94.23992359944559
2011-05-10,0.0606248222386942,92.23325986996713
2011-05-11,0.04142877883299455,92.97907214155005
2011-05-12,0.025046186340633672,95.06486699305033
2011-05-13,0.046582673722299746,93.32860191808841
2011-05-14,0.06268926270230156,89.4175059644151
2011-05-15,0.04197607012077501,91.87936418591953
2011-05-16,0.05701237959486472,90.7158611181957
2011-05-17,0.027138378120505947,95.33067402868782
2011-05-18,0.0010946155177271686,99.8584171935339
2011-05-19,0.0010702975419212412,99.71451514906687
2011-05-20,0.001280804153431985,99.641292821905
2011-05-21,0.014050387632501432,96.33432286168697
2011-05-22,0.030766834470960503,91.62920976846803
2011-05-23,0.023023517249477578,93.33835866101494
2011-05-24,0.019905750679005633,95.47482665688169
2011-05-25,0.03150553399520449,96.85061894348502
2011-05-26,0.009270872430751911,97.30625459763569
2011-05-27,0.00854845880405724,97.24343570190669
2011-05-28,0.009669890206250576,95.85055786387119
2011-05-29,0.014193423244448064,95.64885430882221
2011-05-30,0.01595005904015745,94.8877663854154
2011-05-31,0.008250915102772928,97.07353897571282
2011-06-01,0.01821808529461989,94.83732650074236
2011-06-02,0.013921598013489018,95.54569857972993
2011-06-03,0.03935465477225426,90.86354650026405
2011-06-04,0.032708531602660754,91.17636056236934
2011-06-05,0.03479283265661713,92.07343259199942
2011-06-06,0.03364712986944805,93.4421893073298
2011-06-07,0.006332172451680286,98.17542564521095
2011-06-08,0.023346608820816586,94.27567310079256
2011-06-09,0.013647235185989967,95.06186975352091
2011-06-10,0.01677892149510756,95.29864089964973
2011-06-11,0.008064037027849778,97.49715039674808
2011-06-12,0.009633584454651489,96.9398906384543
2011-06-13,0.009580202835594234,97.15691884921078
2011-06-14,0.006732211748656783,97.22984875694048
2011-06-15,0.010853549091449375,95.84192151750737
2011-06-16,0.0073873471681644804,96.97552687047987
2011-06-17,,97.86651655281288
2011-06-18,,97.53527891464508
2011-06-19,,98.51186504895554
2011-06-20,0.00538127449179602,96.9831518200587
2011-06-21,0.01492463428651239,95.16117399784665
2011-06-22,0.014691591819648821,94.70119994557122
2011-06-23,0.015254716085392786,96.5567413132455
2011-06-24,0.010975641703839228,97.94082248298092
2011-06-25,,96.27717748332927
2011-06-26,0.008173602327756671,96.56846148464547
2011-06-27,0.0038808884589099585,98.07996434755248
2011-06-28,,96.83971038884994
2011-06-29,,98.81113740376865
2011-06-30,,98.77617865449716
2011-07-01,,97.36596250866386
2011-07-02,0.012352276416622898,96.42365069420507
2011-07-03,0.009403828400023892,96.39540967611097
2011-07-04,,98.4795864303516
2011-07-05,0.0055119109426388785,97.87741082594442
2011-07-06,,97.19803698702123
2011-07-07,,98.0016521013465
2011-07-08,0.008970365100861664,96.48774770579308
2011-07-09,0.010295841702285551,96.09466245759461
2011-07-10,0.008649489023973505,96.80761898177809
2011-07-11,0.020234118860338355,95.11757636390422
2011-07-12,0.007117133135819617,97.94585874399242
2011-07-13,,97.04165027627283
2011-07-14,,96.10020104590701
2011-07-15,0.011108000747566333,96.03411529394648
2011-07-16,0.007415795890390806,96.89176779495666
2011-07-17,,96.35668241260753
2011-07-18,0.009437503580843583,97.38343729793922
2011-07-19,0.006720911573699038,97.7307862299626
2011-07-20,,98.74555937752099
2011-07-21,,95.51564072095933
2011-07-22,,98.34331524293138
2011-07-23,,96.99658876501815
2011-07-24,,98.48165370014887
2011-07-25,,96.7505574667891
2011-07-26,,98.90916755418075
2011-07-27,,99.27621734142959
2011-07-28,,99.33789703962566
2011-07-29,,98.06829684146017
2011-07-30,,98.19488139671918
2011-07-31,,98.58919420266369
2011-08-01,,97.5530140394691
2011-08-02,,96.97600046313384
2011-08-03,,98.03311198233469
2011-08-04,,97.62457221733138
2011-08-05,,98.07445077911653
2011-08-06,,97.64892287122507
2011-08-07,,98.03039217513216
2011-08-08,,96.50853309012311
2011-08-09,,97.91267727746641
2011-08-10,,98.46177014562542
2011-08-11,,98.0687550119608
2011-08-12,,96.90800125986686
2011-08-13,,94.49842834381538
2011-08-14,,98.4564295143687
2011-08-15,,98.53220791387608
2011-08-16,,98.42144940801838
2011-08-17,,98.33317930809157
2011-08-18,,98.7510398215839
2011-08-19,,97.29731164068282
2011-08-20,,95.44745709397047
2011-08-21,,96.40158761801244
2011-08-22,,97.87522751169297
2011-08-23,,98.80756017611415
2011-08-24,,96.39658445312335
2011-08-25,,96.41060598232436
2011-08-26,,96.78234075719956
2011-08-27,,95.27498585567187
2011-08-28,,96.78882768740007
2011-08-29,,96.64792786245656
2011-08-30,,95.52210394667291
2011-08-31,,96.29578594979222
2011-09-01,,95.27641440158777
2011-09-02,,96.23411916878831
2011-09-03,,95.83343231212037
2011-09-04,,96.36388635900593
2011-09-05,,94.2119087882755
2011-09-06,,98.39297386512847
2011-09-07,,97.68092198693692
2011-09-08,,98.63422822531331
2011-09-09,,95.25244934422194
2011-09-10,,96.65039392898709
2011-09-11,,96.13968121482934
2011-09-12,,95.76819845347082
2011-09-13,,97.70244892544163
2011-09-14,,97.32025955955949
2011-09-15,,97.65298403549465
2011-09-16,,96.71020420346605
2011-09-17,,96.91778527325332
2011-09-18,,97.99063002317466
2011-09-19,,96.34139285805232
2011-09-20,,97.62831816342067
2011-09-21,,98.01883470157304
2011-09-22,,97.4496256194612
2011-09-23,,98.3404896192624
2011-09-24,,99.06114655497238
2011-09-25,,98.6817164549731
2011-09-26,,97.65292563060417
2011-09-27,,96.0951685676017
2011-09-28,,95.55324549268181
2011-09-29,,98.19189795122408
2011-09-30,,96.55892320048761
2011-10-01,,98.3885510851515
2011-10-02,,98.58632676279342
2011-10-03,,98.42018251979957
2011-10-04,,97.21934158695615
2011-10-05,,96.52582496332232
2011-10-06,,94.02023758041159
2011-10-07,,93.24532558995085
2011-10-08,,94.21399087161294
2011-10-09,0.019885329886425857,93.74149589411641
2011-10-10,,94.03481737765549
2011-10-11,,94.53370746482241
2011-10-12,,93.0978642978844
2011-10-13,,96.28096593888151
2011-10-14,,95.85346766179764
2011-10-15,,95.17749188622031
2011-10-16,,94.61427921442947
2011-10-17,,95.59502787413318
2011-10-18,,94.83579670249279
2011-10-19,,93.33396458010077
2011-10-20,,94.77294166624303
2011-10-21,0.018689483505457422,93.56848305270644
2011-10-22,0.020025229165585946,93.8760791175204
2011-10-23,0.01880149069688909,94.29000126287306
2011-10-24,0.014751198804056486,96.18674552321743
2011-10-25,0.013698458255956399,96.9418828409487
2011-10-26,0.03860442825256137,92.76255738597635
2011-10-27,0.037649708163382166,93.07300386776032
2011-10-28,0.04767893354339603,92.08306580000651
2011-10-29,0.0393789411841012,95.03398539935935
2011-10-30,0.027835438239236815,95.77826014893431
2011-10-31,0.005345801737790567,99.24541467103728
2011-11-01,0.00427086673527831,99.38259215912186
2011-11-02,0.01461259770204708,99.06924694091191
2011-11-03,0.04811730768690548,98.11384544767735
2011-11-04,0.029314647607537197,98.73380630892967
2011-11-05,0.039512949738943315,98.19948763483859
2011-11-06,0.015145934306859968,99.03307886966503
2011-11-07,0.03896945844725851,94.20080729417246
2011-11-08,0.021555024291480828,92.9192929469855
2011-11-09,0.011061590935523485,95.14992693591951
2011-11-10,0.006507504517357084,97.1745367119716
2011-11-11,,98.63045158352271
2011-11-12,,99.0253912361637
2011-11-13,0.08881882188787324,97.07296958227603
2011-11-14,0.014257497230837864,99.20955372713736
2011-11-15,0.009110531306820522,99.33885753114
2011-11-16,0.011421661048045938,99.16731913829213
2011-11-17,0.038407150522765186,97.9556710422943
2011-11-18,,98.19690737817355
2011-11-19,0.01823171091755206,96.78492732059154
2011-11-20,0.016101311669122428,95.60902785220871
2011-11-21,0.018807952739098497,93.99603664683406
2011-11-22,0.018766786863054725,93.93062151122093
2011-11-23,0.01446665186517838,94.69541939581327
2011-11-24,0.014989360411723046,94.51076038469353
2011-11-25,0.021008364598172444,92.25520563956347
2011-11-26,0.02572489091705487,90.22903775008197
2011-11-27,0.031156235592934615,89.28065519796553
2011-11-28,0.03788499953577197,87.8773173465255
2011-11-29,0.03871220617028157,88.47786581231023
2011-11-30,,92.60072974997023
2011-12-01,0.034021419975841835,90.13707712794114
2011-12-02,0.010337939117156306,96.65843926357755
2011-12-03,,99.5020770575839
2011-12-04,,99.70259738970742
2011-12-05,0.004473963068056047,99.6952484409571
2011-12-06,0.03614428618824661,97.0445029224119
2011-12-07,0.04145853891523344,94.47829168055667
2011-12-08,0.05465321946653117,91.34297228636837
2011-12-09,0.021030066602064235,96.31126652579367
2011-12-10,0.010241147421861092,98.10913244337506
2011-12-11,0.018435137015436767,96.84100128474613
2011-12-12,0.017848932676217077,96.37141126758662
2011-12-13,0.03903958687083336,92.69723465183075
2011-12-14,0.04959906915445115,91.01643069972776
2011-12-15,0.05907998808307438,91.23385027233189
2011-12-16,0.0433467249597528,92.20580156728528
2011-12-17,0.06676924239444867,90.5414119400675
2011-12-18,0.05397590720436855,91.3224079963208
2011-12-19,0.038835658283813836,90.56594535319059
2011-12-20,0.04528670604574402,89.25825939707144
2011-12-21,0.05727972698503168,84.53127029947008
2011-12-22,0.05546416499555125,83.27313150363604
2011-12-23,0.05028131522742548,85.08328426523161
2011-12-24,0.031246113551151866,87.6237876077803
2011-12-25,0.026407200737733425,90.81017501117692
2011-12-26,0.014373483347594763,94.32570144708582
2011-12-27,0.014562593151893987,93.80763889763391
2011-12-28,0.0281030443168733,89.07421179705926
2011-12-29,0.02984476421935631,87.64932547194601
2011-12-30,0.03782760207834513,85.39268573273927
2011-12-31,0.039140909452402346,84.09761895200333
2012-01-01,,98.29347679078838
2012-01-02,0.006345723568805614,97.35814476940288
2012-01-03,0.05720001970999608,85.81317109531945
2012-01-04,0.04830855078354744,85.83883945611103
2012-01-05,0.0328964794017693,91.44087376687133
2012-01-06,0.024962306628138985,94.34727658084499
2012-01-07,0.031187325809318267,92.19206365876065
2012-01-08,0.042757398827754804,87.11790402727965
2012-01-09,,96.03319746073552
2012-01-10,0.02589596091171624,92.89773713865127
2012-01-11,0.02744687172149798,91.8920122213534
2012-01-12,0.008044805426592689,98.0786948186295
2012-01-13,0.05784893987185479,79.46473864901587
2012-01-14,0.036726547743605634,86.10731835344825
2012-01-15,0.04511607179607168,85.27661948076053
2012-01-16,,98.10658265533557
2012-01-17,0.029655612762676867,92.3807521564029
2012-01-18,0.03721183815461879,90.19551221941316
2012-01-19,0.036040096140772075,92.27888195899565
2012-01-20,0.022979100310210568,96.76318700057469
2012-01-21,0.0684725651714165,82.36098235872359
2012-01-22,0.06937505790966764,84.34043443925754
2012-01-23,0.08549047278813214,87.16416154823563
2012-01-24,0.11086757271674993,83.17578560719684
2012-01-25,0.11323939773519048,85.44576372864708
2012-01-26,0.043439937908085105,93.27617210666698
2012-01-27,0.09115304976996892,88.53425161384149
2012-01-28,0.06662888234808934,88.62435804968291
2012-01-29,0.060209234043534385,85.05560238243773
2012-01-30,0.06646643275568268,86.9738305835072
2012-01-31,0.0541966704703889,87.91082495116072
2012-02-01,0.060244298143454465,87.71327910858379
2012-02-02,0.05653573086376477,88.75896663282316
2012-02-03,0.056702415622067896,90.06345675874664
2012-02-04,0.04285098271248781,93.05439005043036
2012-02-05,0.051121585114413774,90.50220400418397
2012-02-06,0.06524551518178957,84.11233164558269
2012-02-07,0.03627472398122243,89.38971645556603
2012-02-08,,99.72017786063752
2012-02-09,0.013165024344561514,95.0188529559598
2012-02-10,0.028039819332924737,88.30138240927826
2012-02-11,0.042208916541742865,88.05149472847839
2012-02-12,0.07069593368585902,88.6214023718231
2012-02-13,0.01960392961600835,96.62732953166831
2012-02-14,,87.35671921340611
2012-02-15,0.014347019958143815,96.20628180529607
2012-02-16,,94.64822368868838
2012-02-17,,87.30493295828362
2012-02-18,0.051389364147151714,86.04696246812503
2012-02-19,0.05186209663803108,88.19145081717407
2012-02-20,0.07559611302999726,90.01466990785933
2012-02-21,0.11874005657769816,91.00780163333569
2012-02-22,0.10901343563525824,88.54930140325624
2012-02-23,0.07261441630782373,86.90887406160161
2012-02-24,0.061737945634081096,87.89522989049982
2012-02-25,0.036973769705920284,87.78140543759086
2012-02-26,0.040143934816560325,87.41544667405819
2012-02-27,0.03845622708741854,89.89235096949027
2012-02-28,0.028683661047779755,96.43848741093835
2012-02-29,0.0423182542483677,94.06584531031409
2012-03-01,0.028488309966144144,94.44061606797818
2012-03-02,0.03236232200690638,93.84580704124147
2012-03-03,0.04421661433471819,92.6455293696257
2012-03-04,,92.339260142443
2012-03-05,0.06293317878663451,94.56163031034495
2012-03-06,0.03452359016318481,95.67671472499686
2012-03-07,0.060326345895845894,91.94546931408428
2012-03-08,0.04307532890415539,89.0389888296675
2012-03-09,0.06714832966706055,87.28132382894668
2012-03-10,0.04486385736653452,88.54520611481607
2012-03-11,0.0373834052292796,84.10542860290758
2012-03-12,0.0521617228817305,85.68681725359887
2012-03-13,0.029092093241346775,94.69783298283222
2012-03-14,0.020248655944979488,94.75088479557519
2012-03-15,0.029914349617496824,93.79817093899861
2012-03-16,0.028870901089658008,90.82951192984504
2012-03-17,0.031348515057090215,94.86005515237697
2012-03-18,0.07442394654579663,94.72108723876973
2012-03-19,0.05830562871629929,93.14451827683095
2012-03-20,0.055584268121742365,93.55780371337966
2012-03-21,0.06643571736301446,89.95073694052287
2012-03-22,0.07112885789555233,90.51769842632402
2012-03-23,0.06359837135427931,91.86139252283948
2012-03-24,0.11352592268875188,92.84333138941257
2012-03-25,0.11967637570031485,91.54432838391962
2012-03-26,0.12296475963726185,90.88694370556057
2012-03-27,0.16653006049252778,85.92198437736606
2012-03-28,0.10592080637587574,87.07040632590227
2012-03-29,0.07455342639474942,87.4205359617395
2012-03-30,0.09330467750922403,87.73987945877462
2012-03-31,0.1467830817536423,89.86700687960712
2012-04-01,0.10403460030781464,91.73803544935538
2012-04-02,0.1310453555364272,91.10754581138752
2012-04-03,0.0414254991815575,96.60778905569141
2012-04-04,0.0744677500809466,94.70817083712598
2012-04-05,,96.33800016700621
2012-04-06,,93.49286753352114
2012-04-07,0.04008880172805755,90.80417091571424
2012-04-08,,93.4762977392422
2012-04-09,0.022621247544347686,96.34190440833297
2012-04-10,0.010579829717447128,97.73283373453016
2012-04-11,,97.64219121495434
2012-04-12,0.03342984608547422,89.9308615947448
2012-04-13,,88.73262406929618
2012-04-14,0.04598652447105705,85.63496701837508
2012-04-15,0.012896086863659452,95.73608187775736
2012-04-16,0.03503016444547877,86.57450573734202
2012-04-17,0.04072663672155021,90.20325962827748
2012-04-18,0.08277090878773116,84.3409133503887
2012-04-19,0.07892941748568212,86.35655686985069
2012-04-20,0.06007581810596114,90.36868926050172
2012-04-21,0.1039809794254878,91.13955315637381
2012-04-22,0.08687793785937997,85.67557009172042
2012-04-23,0.07719794262680746,82.21656943293436
2012-04-24,0.0900258684491943,83.85864541361045
2012-04-25,0.053934234707421855,89.56839582201943
2012-04-26,0.05721530925150903,86.23518828014397
2012-04-27,0.13365557619269428,84.83558715204008
2012-04-28,0.11510852967440346,89.86942319299746
2012-04-29,0.10314369541836804,84.00000356816751
2012-04-30,0.1612599892084036,81.81758515000233
2012-05-01,0.12364121845952022,83.35038002858703
2012-05-02,0.09935862524252746,82.15263709031768
2012-05-03,0.13813252639909504,82.05580396933637
2012-05-04,0.11878082362297505,85.08880642449648
2012-05-05,0.10092267303245792,91.05989117918463
2012-05-06,0.09129271836459688,87.77376715739685
2012-05-07,0.05693818833789196,92.33546590646725
2012-05-08,0.12047967796369498,91.8471397293648
2012-05-09,0.06867225970109174,93.37351580649383
2012-05-10,0.13173757597909852,91.81525600631873
2012-05-11,0.048987718327785146,91.76793627104766
2012-05-12,0.06559657624989738,90.87951221408287
2012-05-13,0.09651005628171973,83.80757598657132
2012-05-14,0.08567602047671999,82.34846322514933
2012-05-15,0.07085128418517062,85.4844462480544
2012-05-16,0.06718715006940666,88.20163811538025
2012-05-17,0.07525360313868493,87.38074093440657
2012-05-18,0.0767313525412746,91.50619006784046
2012-05-19,0.04607370996125734,90.3010185967121
2012-05-20,0.058391075687685035,85.70889537522493
2012-05-21,0.08291351436437698,85.47319681959246
2012-05-22,0.12594175964803603,79.66830146959305
2012-05-23,0.15546561473287235,81.09177160315407
2012-05-24,0.17946489546641048,81.85893229056659
2012-05-25,0.19200792433498617,84.58025140449207
2012-05-26,0.261958818020407,85.65701239936129
2012-05-27,,85.73643970630329
2012-05-28,,84.44221251374215
2012-05-29,,84.43113457204176
2012-05-30,0.1449435921406403,85.11371941725798
2012-05-31,0.14732600380273803,90.23124052264426
2012-06-01,0.15788998473999957,90.67913887899768
2012-06-02,,86.82768811543833
2012-06-03,0.14431394619544707,81.14965386516825
2012-06-04,0.10713312089848363,83.41848336078512
2012-06-05,0.06445623835816199,89.40243883915083
2012-06-06,0.1007102721033575,85.78896327047481
2012-06-07,,83.23752270294914
2012-06-08,0.0977851139322992,85.26035135784076
2012-06-09,0.10339966269915836,84.96484759100142
2012-06-10,0.09523374707536704,83.16319676125691
2012-06-11,0.10825488597809753,82.05615108867543
2012-06-12,0.12172380596890939,81.34185733494543
2012-06-13,0.12332367531581676,81.96761652376456
2012-06-14,0.201413261842459,82.25754980175066
2012-06-15,0.21004444425630325,80.5578526613516
2012-06-16,0.22470802989910435,83.92496083796993
2012-06-17,,94.57982249515268
2012-06-18,,98.39348022112007
2012-06-19,0.009206252096249673,97.1411317309704
2012-06-20,0.00949745802635008,97.70226163661965
2012-06-21,,97.44461936723539
2012-06-22,,97.47214924901698
2012-06-23,,98.49639925488015
2012-06-24,,98.92144442514189
2012-06-25,,95.50718577046575
2012-06-26,,94.5132375914482
2012-06-27,0.027205327767721256,96.04555131507759
2012-06-28,0.021346402564804533,96.38997079092668
2012-06-29,0.02266281390856022,95.21075965837636
2012-06-30,,94.8221937293915
2012-07-01,,98.14467396724417
2012-07-02,,96.30052495951502
2012-07-03,0.004719162253318866,97.89001982936729
2012-07-04,,96.7715910537888
2012-07-05,0.0016808013448604176,99.02053099452135
2012-07-06,,97.85575140337562
2012-07-07,,96.7372038939379
2012-07-08,,95.98281137993551
2012-07-09,,97.23902692724369
2012-07-10,0.006992110557241016,95.748020963845
2012-07-11,,96.73460180157683
2012-07-12,,99.28340881653803
2012-07-13,,97.09468008921293
2012-07-14,,98.92882818010472
2012-07-15,,98.38624175914522
2012-07-16,,98.18659914737489
2012-07-17,,98.74490496586725
2012-07-18,,98.49621683420447
2012-07-19,,99.77713622151462
2012-07-20,,97.0334914212551
2012-07-21,,97.22705402549661
2012-07-22,,97.35729289389029
2012-07-23,,97.04167340491792
2012-07-24,,98.84164687262775
2012-07-25,,97.45274804635241
2012-07-26,0.006072848443320039,97.00172449233872
2012-07-27,,97.44144645528476
2012-07-28,0.0058926480285887125,96.69707775764994
2012-07-29,,97.26120349017008
2012-07-30,,96.10006935081712
2012-07-31,,99.25468233784248
2012-08-01,,98.87172621457029
2012-08-02,,98.90949412649405
2012-08-03,,97.80185031389395
2012-08-04,0.006963407285314398,95.61403288736297
2012-08-05,0.0035882826814910723,97.8288196606122
2012-08-06,0.0052335454801779304,96.35661671045493
2012-08-07,0.005088944300944969,97.13101081110732
2012-08-08,,96.69683756181215
2012-08-09,,97.8186307214856
2012-08-10,0.012534384908655612,93.33489075767899
2012-08-11,0.00685389051606776,97.57231267112863
2012-08-12,0.00748993605219127,96.502658491795
2012-08-13,0.0061845755686595425,96.07040623787985
2012-08-14,0.011450458264222899,94.91331313082057
2012-08-15,0.01091429607519836,96.16105680415976
2012-08-16,0.004783084184833561,97.69379938043905
2012-08-17,0.0013472862893024484,99.52341900077313
2012-08-18,0.003432996350109146,98.18568933433306
2012-08-19,,98.09602117316216
2012-08-20,,97.5384302588361
2012-08-21,,96.3682033970293
2012-08-22,,98.51905603465278
2012-08-23,,97.92173957534092
2012-08-24,,97.51079278727114
2012-08-25,0.006767286138706947,96.08844426637991
2012-08-26,0.0045628477717824575,97.4207646060499
2012-08-27,0.006221120898916461,97.26444702361908
2012-08-28,0.0066623727054338396,96.40790750485257
2012-08-29,0.007632987069632623,97.13002952913901
2012-08-30,0.006856147758755512,97.71413607373965
2012-08-31,0.006855515792464156,98.06608799819271
2012-09-01,,97.16978962933437
2012-09-02,,97.83154305777796
2012-09-03,0.0063963181598524765,96.71271428409169
2012-09-04,0.004946719288555177,96.11883128609293
2012-09-05,0.002396594707357024,98.13992955689233
2012-09-06,,96.92353899571535
2012-09-07,0.00804133224509992,94.64878207201343
2012-09-08,0.007013482896452671,96.07949095814091
2012-09-09,0.008382581280189526,96.60701458598517
2012-09-10,0.005306601189261689,98.06439422656834
2012-09-11,0.0033265523844267617,97.63994664938267
2012-09-12,0.0038274277053463317,97.96057890820407
2012-09-13,0.0023313286598156545,98.43166181696509
2012-09-14,,99.0191593687407
2012-09-15,,98.70099644716835
2012-09-16,,99.43076444235818
2012-09-17,,98.85407175469581
2012-09-18,,96.42437981603535
2012-09-19,0.006894690389775951,96.03020074387535
2012-09-20,0.009862480165171062,95.22204543841896
2012-09-21,0.007288949656324188,95.62863012235081
2012-09-22,0.01525953653340269,93.23366187279356
2012-09-23,,94.58981912798053
2012-09-24,,95.61342987546695
2012-09-25,0.008899614038849563,97.3076104162187
2012-09-26,0.024260143789568617,94.57318472655405
2012-09-27,0.029671376074521943,92.50759555291441
2012-09-28,0.025542108482764725,92.90550783209622
2012-09-29,0.02164699303899745,94.41446256616777
2012-09-30,0.03294079342528335,94.7644976012688
2012-10-01,0.01927090218541333,95.93327087168753
2012-10-02,0.03714029228880882,95.10294496047474
2012-10-03,0.03442711126788642,94.97913696548812
2012-10-04,0.03291935101736746,94.52320927497307
2012-10-05,0.0222212111282995,93.90358566738396
2012-10-06,0.029086783634534066,93.54783107757474
2012-10-07,0.02184281415677815,95.0037352596029
2012-10-08,0.019592725075009396,95.28837288553721
2012-10-09,0.015448625387051296,94.84559880589995
2012-10-10,0.019360602724717218,94.3338230057773
2012-10-11,,93.67006943854031
2012-10-12,,94.34556621448286
2012-10-13,,94.43106657349841
2012-10-14,0.01890836709700313,94.92921103567622
2012-10-15,0.02213894535507294,94.89616397259118
2012-10-16,0.03528501217359161,95.23253128369788
2012-10-17,0.04113178917869635,93.27202009848101
2012-10-18,0.026114680125542904,93.08886293547134
2012-10-19,0.03098878217803219,93.36824690248423
2012-10-20,0.04528639129609641,92.40267981823115
2012-10-21,0.029062344616386127,92.73766896211325
2012-10-22,0.02775250679523575,91.82722486174048
2012-10-23,0.032625596984893486,91.36276918682064
2012-10-24,,95.37516776346318
2012-10-25,0.01999776413382633,92.31961551280844
2012-10-26,0.01810458574287074,94.1526451923406
2012-10-27,0.03501930643050166,89.91196694112014
2012-10-28,0.028920862285316075,88.31261570993779
2012-10-29,0.022456248491148308,90.41505841545792
2012-10-30,0.021732105331245154,89.01956409527413
2012-10-31,0.012771364156392451,93.01242245293906
2012-11-01,0.017119223047503192,91.4684329882127
2012-11-02,0.008219081444704741,95.32938840436357
2012-11-03,0.013208411696150084,93.41166401403785
2012-11-04,0.013478036031718788,94.61529893503783
2012-11-05,0.016811950347503435,93.33270409785271
2012-11-06,0.012516343027121775,95.03158475253748
2012-11-07,0.018356482826346835,92.2999495706326
2012-11-08,0.014265798439731754,94.75886808182678
2012-11-09,0.025005067649164242,94.50745921514736
2012-11-10,0.032667473328584926,95.4498892232966
2012-11-11,0.01529344659019,96.80293585706
2012-11-12,0.013194275653853041,96.80124526431766
2012-11-13,0.018773018493885383,95.55286043937298
2012-11-14,0.030612181299808482,92.68828244507783
2012-11-15,0.018924173937041936,94.21732135385356
2012-11-16,0.035299089882312014,87.78491063899835
2012-11-17,0.03129300765529627,88.27235204600169
2012-11-18,0.015171903425092394,93.4466300651987
2012-11-19,0.019734498923955315,91.5866725574634
2012-11-20,0.025667836675690423,88.67440519885211
2012-11-21,0.02559665242832891,88.69464089553261
2012-11-22,0.03143034224759933,87.07233652677014
2012-11-23,0.02752308661759729,91.92296435199155
2012-11-24,0.016317756285923316,95.64954136574036
2012-11-25,0.03483119376779606,89.68731497201698
2012-11-26,0.03919145378700743,91.12490357358001
2012-11-27,0.0483551498322311,89.28116753735502
2012-11-28,0.052630558499670986,90.80481929607683
2012-11-29,0.042333582239553365,92.9085578681704
2012-11-30,0.039086996529679105,91.93779807644863
2012-12-01,0.059834784508356074,86.06388843651182
2012-12-02,0.07989162128069713,83.88644583908668
2012-12-03,0.06719884448252732,83.78635869536683
2012-12-04,0.04737937261795606,82.8813994503678
2012-12-05,0.06647851922215844,83.34924007379445
2012-12-06,0.07859180051619293,84.29390561563098
2012-12-07,0.0680961332959482,86.3626453109846
2012-12-08,0.05889731152662837,90.43103425563083
2012-12-09,0.06903129850568562,91.3523890884841
2012-12-10,0.06826938473055733,91.31051760189324
2012-12-11,0.03851963178803595,92.93789834375453
2012-12-12,0.020061017144396526,94.39233624974428
2012-12-13,0.023354990304694165,93.19751642326936
2012-12-14,0.024346443653549658,92.5588243158717
2012-12-15,0.027461489241909977,90.02828062706871
2012-12-16,0.037501561034548735,89.44380171844354
2012-12-17,0.034981951674359926,88.81885231592625
2012-12-18,0.05210637457681323,88.7888265137726
2012-12-19,0.05220816784378598,89.64110396275134
2012-12-20,0.07188892848617204,83.5038897003993
2012-12-21,,86.12574163303027
2012-12-22,0.12356943417111055,72.88234689905356
2012-12-23,0.031098684906012874,91.56427695499193
2012-12-24,0.027910277336599197,89.49346470759075
2012-12-25,0.02057384586123335,92.08027451317948
2012-12-26,0.03650583216588213,88.53835329770159
2012-12-27,0.03495233544636716,90.37296557257376
2012-12-28,0.0296264532729504,90.52207965905077
2012-12-29,0.03622963798893058,87.01327452599942
2012-12-30,0.044506085358609,85.84167477313645
2012-12-31,0.047896464137692586,85.72273045083793
2013-01-01,,87.71354428633634
2013-01-02,0.03441068287650634,89.54094355150777
2013-01-03,0.04839577579686676,87.4824773891112
2013-01-04,0.04104113542572839,88.78424146012571
2013-01-05,0.02996841251857872,90.05497125419957
2013-01-06,0.048708314145150186,88.02668641832287
2013-01-07,0.06734409140363759,89.84553171865943
2013-01-08,0.051585146407508393,89.65279454175726
2013-01-09,0.048206115497901394,89.72363557177064
2013-01-10,0.06940409581709027,88.26425821414506
2013-01-11,0.09057022384441375,86.26582868903061
2013-01-12,0.06568936102604321,87.55852786773386
2013-01-13,0.02161025567635403,95.80512057101875
2013-01-14,0.056964646995779314,89.66036727800515
2013-01-15,0.05169134143330147,92.0750455719733
2013-01-16,0.06618848401030897,87.04085220082412
2013-01-17,0.04791267968191409,88.13153597109601
2013-01-18,0.015343439327883186,97.38982243661448
2013-01-19,0.012815130837958787,96.47475123097708
2013-01-20,0.02986080243667797,86.70415457480735
2013-01-21,0.035679822975653565,83.71412573751064
2013-01-22,0.03384632533162322,88.53213289670455
2013-01-23,0.06340288191083784,83.7060985618744
2013-01-24,0.05650608350157917,84.9810115960911
2013-01-25,0.06862184001391917,81.99744750486477
2013-01-26,0.06553174857945611,81.86621499134661
2013-01-27,0.09426929125663853,75.58450454580597
2013-01-28,0.03916322011425914,90.27598072743719
2013-01-29,0.04429626770679393,89.58907608786983
2013-01-30,0.06980516887584229,84.25711143975198
2013-01-31,0.03231514538966093,92.82483977332147
2013-02-01,0.037617777155982905,93.73967626199867
2013-02-02,,96.37450219890724
2013-02-03,0.04268645086614221,89.1488543665913
2013-02-04,,91.94189724647508
2013-02-05,,99.37039440308452
2013-02-06,,99.09407602813052
2013-02-07,0.019897805237050363,92.14088603816765
2013-02-08,0.028212694620959475,86.44368839829404
2013-02-09,0.06545454235324645,75.2945340101894
2013-02-10,0.0595522304367547,80.9710076071259
2013-02-11,0.05987716001233718,79.13023083859227
2013-02-12,,82.73763597919238
2013-02-13,0.04332282053866294,86.72861297983094
2013-02-14,0.04489691154603986,83.30508778229228
2013-02-15,,92.5423097979453
2013-02-16,,98.99995645381695
2013-02-17,,97.77409439757918
2013-02-18,0.028959856119641407,86.60147883609713
2013-02-19,0.04015262743080164,84.48478478617116
2013-02-20,0.03685047328443952,89.02587430292299
2013-02-21,0.05447951753361057,76.76261837812477
2013-02-22,0.04557442285154154,83.39646148400574
2013-02-23,,90.71673869232721
2013-02-24,,96.08913757313992
2013-02-25,0.04238564317930648,82.85150307201751
2013-02-26,0.06580439631330957,73.96958800667531
2013-02-27,0.05989280444388465,80.82171099233787
2013-02-28,0.05115934015122899,81.5984666505239
2013-03-01,0.052269374249614295,82.3101402990393
2013-03-02,0.07165728322863428,86.68285965155835
2013-03-03,0.1021473589747181,85.78311632239432
2013-03-04,0.1412792484360232,83.16696193142614
2013-03-05,0.1123902313883181,86.80446670241831
2013-03-06,0.055128107890967074,88.47827646614888
2013-03-07,0.055739203475350066,91.73776546981347
2013-03-08,0.0938228519688791,87.55643700967465
2013-03-09,0.0962638320436865,89.94798069555071
2013-03-10,0.04584868989025975,95.83686475681937
2013-03-11,0.03301630128022046,91.65175618673823
2013-03-12,0.038959884998353476,92.24449595093334
2013-03-13,0.051756851876181356,92.34669410036827
2013-03-14,0.036612330960145226,93.48169140886161
2013-03-15,0.03132494454131943,90.77487465569656
2013-03-16,0.04036036390300082,90.50072598927896
2013-03-17,0.03111110366721324,93.67104998394102
2013-03-18,0.029350663731054202,89.8003104084467
2013-03-19,0.042977656218619674,91.69162685583422
2013-03-20,0.040778509826652334,96.65540683139939
2013-03-21,0.1020718736759373,94.01368879379581
2013-03-22,0.03479347785155845,91.47595985109407
2013-03-23,0.04254667241409757,92.75539289244142
2013-03-24,0.05983889310185239,90.87280894213879
2013-03-25,0.06295280944137284,86.55568371264685
2013-03-26,0.04663580307225119,87.9877540086239
2013-03-27,0.07013477571815402,88.66946820125582
2013-03-28,0.07136513166302823,90.25038747988864
2013-03-29,0.08677011629129652,86.24844475706362
2013-03-30,0.03442771109118528,90.15791097622669
2013-03-31,0.03267875246398541,91.9911629937341
2013-04-01,0.02857711636963882,91.10222785792534
2013-04-02,0.05983552307081078,85.77024391715233
2013-04-03,0.03949715473550018,89.54990280682715
2013-04-04,0.04005351013504383,86.31734610195542
2013-04-05,0.06018460178283189,85.37562431014277
2013-04-06,0.09309708487638076,86.825922826156
2013-04-07,0.15367386165150726,89.12352026335584
2013-04-08,0.23340442300920713,87.54236587767411
2013-04-09,0.22013984219247773,85.4092998614421
2013-04-10,0.20475625034959272,81.4401330485925
2013-04-11,0.12001449153790072,80.12738136480355
2013-04-12,0.10872202529007469,84.38520281591757
2013-04-13,0.21897389789571842,81.93335142879623
2013-04-14,0.254344987569625,89.6053349331917
2013-04-15,0.04149802121647803,94.23117350697325
2013-04-16,0.0554427948959042,95.50812087154705
2013-04-17,0.06775552034384576,90.95893717353621
2013-04-18,0.06943445698903615,85.96488312273404
2013-04-19,0.07426554564300544,86.31000516212671
2013-04-20,,93.79148416393296
2013-04-21,,97.47184573774675
2013-04-22,0.012098042748789674,95.3032018558077
2013-04-23,0.012166070766319016,96.15283449913805
2013-04-24,0.011719697506836019,97.65686721280188
2013-04-25,0.02865354237370878,93.28880312323045
2013-04-26,0.05828040447108905,92.93029417234688
2013-04-27,0.05815232462630161,87.65826112886708
2013-04-28,0.06290113095573344,89.29070411314595
2013-04-29,0.09606199744563987,88.25973927918004
2013-04-30,0.12844746504444718,85.74064861898586
2013-05-01,0.10052145169646738,79.69161750144133
2013-05-02,0.09829932695397318,81.49985543481473
2013-05-03,0.07634041975869081,84.89087444062902
2013-05-04,0.12562344238485798,86.52444251505626
2013-05-05,0.11393385432184837,89.82112692949477
2013-05-06,0.11019583244147356,90.4836136224307
2013-05-07,0.10342508093872842,90.13862078178089
2013-05-08,0.138287471262864,91.33146798548546
2013-05-09,0.11935816108234552,92.08941828141393
2013-05-10,0.13642722262897722,87.4107644197706
2013-05-11,0.12231302008261694,87.69816619335644
2013-05-12,0.0588734975544952,91.01060074581396
2013-05-13,0.024455385131330856,93.62785455713623
2013-05-14,0.024908935456675062,93.10910814307773
2013-05-15,0.059985168189269404,90.13233329703229
2013-05-16,,89.37490015827323
2013-05-17,0.08724342569399864,91.84445254850476
2013-05-18,0.07972924097512485,91.47677395286357
2013-05-19,0.04476300774204371,92.98751714545986
2013-05-20,,96.19126332240793
2013-05-21,0.028377530586923265,95.99044520006366
2013-05-22,,98.92115579370618
2013-05-23,,98.90692768276908
2013-05-24,,97.96413178842263
2013-05-25,,97.25625002178441
2013-05-26,,96.74652725438587
2013-05-27,,98.52989783638218
2013-05-28,,97.84066031235808
2013-05-29,,96.23351182578827
2013-05-30,,99.88517078969035
2013-05-31,,98.88421573198539
2013-06-01,,98.05923239747047
2013-06-02,,94.29429473320707
2013-06-03,,95.00545127372672
2013-06-04,0.027548616941781467,97.09236167901234
2013-06-05,0.014066318794053389,97.77036912490081
2013-06-06,0.011542167180260176,97.84433424122882
2013-06-07,0.014374663150315976,96.5236577039289
2013-06-08,0.011129153836925934,96.87314277021918
2013-06-09,,98.96376092619377
2013-06-10,0.016761650047678895,97.18965719056297
2013-06-11,0.015500556374631562,94.048442419362
2013-06-12,0.015967587250981068,96.10093418413689
2013-06-13,0.011067687572865139,95.7323800279639
2013-06-14,0.011440583999304336,95.85807510709856
2013-06-15,,97.59952525542643
2013-06-16,,97.04074442852155
2013-06-17,,97.81454966490756
2013-06-18,,99.16877665837309
2013-06-19,,98.56025048793377
2013-06-20,0.010678499219239463,94.86214650633342
2013-06-21,0.006977514552465257,97.37375286426916
2013-06-22,,98.18701900728026
2013-06-23,0.004018474241450848,98.67479145667673
2013-06-24,,97.27856169147385
2013-06-25,0.010629941568107495,96.0011100673027
2013-06-26,0.007858880758927574,97.12253173394642
2013-06-27,,97.29408458446976
2013-06-28,,97.01142692429912
2013-06-29,,97.61360852427133
2013-06-30,0.002766018251884808,98.31435939975746
2013-07-01,0.0036385154007459813,97.85599670395122
2013-07-02,,96.90103991472625
2013-07-03,0.01111488482376489,96.96125185374643
2013-07-04,0.006250548111698246,98.21609441469171
2013-07-05,,97.57063451605865
2013-07-06,,98.4165252728245
2013-07-07,,99.50000152913913
2013-07-08,,97.88504421729915
2013-07-09,,97.67407950457097
2013-07-10,,98.88637343053257
2013-07-11,,96.77519864565825
2013-07-12,0.005471990187580247,97.25968600988953
2013-07-13,,96.55678411960778
2013-07-14,0.006502494938223013,96.66295904042362
2013-07-15,,97.11992611668394
2013-07-16,,97.29386060067586
2013-07-17,0.005559142501902469,97.01095309882065
2013-07-18,,99.1867670917737
2013-07-19,,98.38918559815083
2013-07-20,,95.90171495189657
2013-07-21,0.004026601534453254,97.84466762065689
2013-07-22,0.0037451866252173976,98.02523363933805
2013-07-23,0.00501730185757635,96.92927017608352
2013-07-24,0.007196532866578212,95.9661720410696
2013-07-25,0.005854770006781537,97.61120597656452
2013-07-26,0.006935318040663548,96.04065053108557
2013-07-27,0.0033418311074668253,98.13534091709364
2013-07-28,0.002746513365117074,97.98382255783646
2013-07-29,0.0032265263087382858,98.06505232888382
2013-07-30,0.003863264880160378,98.47245678379204
2013-07-31,0.010915848607072278,94.06131590674278
2013-08-01,,98.13019124423411
2013-08-02,0.026536181182447563,96.17002376139257
2013-08-03,0.004575138415549945,97.76141627825692
2013-08-04,0.003621525179255955,98.4005051532941
2013-08-05,0.004027697452993361,98.00477426687306
2013-08-06,0.008069432104916868,96.86714294429089
2013-08-07,,98.01189297637868
2013-08-08,,96.93407655302828
2013-08-09,,94.39642933121307
2013-08-10,,95.88677431447023
2013-08-11,0.004941597006612318,98.0717239035296
2013-08-12,0.003854494764961769,98.09607257034055
2013-08-13,0.003625474651872444,97.83979584962952
2013-08-14,0.0056863929873521395,96.39243131852757
2013-08-15,0.006099288548882847,97.194040183292
2013-08-16,0.0069473891443630085,96.90393158880126
2013-08-17,,97.07828094363676
2013-08-18,0.004487642498626245,98.36882120140791
2013-08-19,,95.3657842445556
2013-08-20,0.008356355746834895,96.52101058787596
2013-08-21,,97.82254787186798
2013-08-22,0.0106728008786456,95.38483909418063
2013-08-23,0.009140515171003932,96.09929763181756
2013-08-24,0.0051878692077970264,98.04644078070403
2013-08-25,0.005550218138775726,98.09519409712217
2013-08-26,0.0037122682951087477,98.25718064550672
2013-08-27,,98.33874582756165
2013-08-28,,96.76299750399015
2013-08-29,0.005533275218199942,96.92770397795256
2013-08-30,0.003390632585937792,98.13408371456643
2013-08-31,0.004701207845753218,98.22247580708007
2013-09-01,0.007892201891971233,97.05911189407611
2013-09-02,,98.65605799766108
2013-09-03,0.003953396128296209,97.53412325298386
2013-09-04,0.01460396094016521,96.51156239036483
2013-09-05,0.014540633537151158,96.9971801218574
2013-09-06,0.01295166506632157,97.29481725020783
2013-09-07,0.013362661147443385,96.28272941832792
2013-09-08,,96.57818096972407
2013-09-09,,97.87647514806987
2013-09-10,,98.14512852219708
2013-09-11,,96.85715680750236
2013-09-12,,94.44219123150224
2013-09-13,,93.90877293226377
2013-09-14,,92.47666845779531
2013-09-15,0.012726364367534954,95.17356327552483
2013-09-16,0.018582148118154052,93.30281821221799
2013-09-17,0.019246215738544622,92.49244558044208
2013-09-18,0.01532469211179731,93.41243276460769
2013-09-19,0.014566946451426765,94.257917253886
2013-09-20,0.007969872900693458,95.40382695051254
2013-09-21,0.009260600591564744,95.01230925575533
2013-09-22,0.008478251092716474,94.41149812986727
2013-09-23,,96.90623594202607
2013-09-24,,97.26192807457946
2013-09-25,,98.59979621458686
2013-09-26,,97.19588520284698
2013-09-27,,96.79790045796896
2013-09-28,,97.07847500735511
2013-09-29,,95.03237593458718
2013-09-30,,95.98821363292413
2013-10-01,,97.8424161242094
2013-10-02,,98.3194651871012
2013-10-03,,99.08829164239317
2013-10-04,,97.71748021823755
2013-10-05,,98.60626547425659
2013-10-06,0.004752771538150872,97.37284657672406
2013-10-07,,95.96015194289784
2013-10-08,,95.26307095500663
2013-10-09,,95.5977380961196
2013-10-10,,96.33205480532756
2013-10-11,,91.81724855127145
2013-10-12,,93.52878157777732
2013-10-13,,96.61864872622556
2013-10-14,,97.38134821624023
2013-10-15,,99.44106985342765
2013-10-16,,97.10032280837271
2013-10-17,,97.75581809964994
2013-10-18,,96.9405052624011
2013-10-19,,97.62796797365793
2013-10-20,0.015460460094184454,94.96912473311654
2013-10-21,0.007545953150181147,96.37159569972658
2013-10-22,0.00830058779233103,96.7427279048206
2013-10-23,0.018559652827062414,94.11778591633328
2013-10-24,0.01122929086466956,96.33201425385829
2013-10-25,0.01584809771147099,94.98745186545709
2013-10-26,0.02275449571509011,95.17439823308428
2013-10-27,0.02070935029684778,95.86188012151851
2013-10-28,0.015585763057191256,96.78586561425894
2013-10-29,0.035393150146428735,95.89332947267377
2013-10-30,0.046567481244134554,95.81661680413795
2013-10-31,0.032188366629028166,97.08426926736693
2013-11-01,0.04054450015325385,96.50287898852828
2013-11-02,0.04593124405615653,95.63122639092744
2013-11-03,,95.05537556501903
2013-11-04,,94.01400807372951
2013-11-05,,96.75405725552679
2013-11-06,,97.008080055519
2013-11-07,,95.74776777017891
2013-11-08,,97.14724139697512
2013-11-09,,93.50003222438923
2013-11-10,,86.65736427273984
2013-11-11,0.02720987925523929,87.84991434295138
2013-11-12,0.019997949996339668,89.65799845321274
2013-11-13,0.016854610195621504,90.72779305934043
2013-11-14,0.01655729708449494,91.18087234024793
2013-11-15,0.016760848757548016,91.19685493569006
2013-11-16,0.02025196541889188,88.9233140813836
2013-11-17,0.022417481724715322,88.06994804679174
2013-11-18,0.025084677979836746,87.11977233043444
2013-11-19,0.02853944181354889,88.18423695072363
2013-11-20,0.02250084304971194,91.89097087153961
2013-11-21,0.024127543206726068,91.70427346107344
2013-11-22,0.030112400044370873,90.9263834835787
2013-11-23,0.05097282702472295,88.81252918256149
2013-11-24,0.058148896310518346,88.84783967194274
2013-11-25,,87.93996293871392
2013-11-26,,86.5643877233658
2013-11-27,,88.86180978305454
2013-11-28,,85.38443349776395
2013-11-29,0.05935288477134911,84.31639738932827
2013-11-30,0.04785039319129033,86.07471679746604
2013-12-01,0.05252167454928549,86.20413442957407
2013-12-02,0.045935196147642514,84.17530070183807
2013-12-03,0.015233074020845425,94.1707250521165
2013-12-04,0.030566318019064165,85.16078208382034
2013-12-05,0.03162920083316448,86.90389059002258
2013-12-06,0.033871562804189514,88.83500844501155
2013-12-07,0.022636606706314875,91.93621374681052
2013-12-08,0.022158600504455082,92.73062442512226
2013-12-09,0.024711860591004577,92.42751667273161
2013-12-10,0.03477679056768104,91.2363778642941
2013-12-11,0.03761096637466541,92.74123219410421
2013-12-12,,95.56844363450672
2013-12-13,,97.8649860555398
2013-12-14,,83.51646999162212
2013-12-15,,91.20789004349531
2013-12-16,,93.0954697099655
2013-12-17,,96.88475533508101
2013-12-18,,99.99825259995822
2013-12-19,,99.16281907515072
2013-12-20,,95.72053509631027
2013-12-21,,96.90230341589029
2013-12-22,,92.85506156890848
2013-12-23,,88.80996415084404
2013-12-24,,87.22290221423962
2013-12-25,,88.31898407228938
2013-12-26,,88.49267776989767
2013-12-27,,89.82666092584296
2013-12-28,,94.34353311184832
2013-12-29,,85.47059920532124
2013-12-30,,88.87097755159068
2013-12-31,,94.04319684400014
2014-01-01,,91.69564576969312
2014-01-02,,87.29402024883804
2014-01-03,,88.05300139330144
2014-01-04,,90.07071912747547
2014-01-05,,91.09214030178708
2014-01-06,,92.32772548347998
2014-01-07,,89.49336574324379
2014-01-08,,90.41624342789271
2014-01-09,,96.18916553845416
2014-01-10,,93.69191891291914
2014-01-11,,98.12036220409563
2014-01-12,,86.12714520723407
2014-01-13,,90.50507367850281
2014-01-14,,95.10180851959274
2014-01-15,,96.66834883274423
2014-01-16,,93.0980033104065
2014-01-17,,93.0045634715507
2014-01-18,,98.32765544378819
2014-01-19,,81.38991497013352
2014-01-20,,82.34220255489971
2014-01-21,0.029429474110100017,85.18436572777352
2014-01-22,,96.60710012150055
2014-01-23,0.01674481308922104,94.81923255518575
2014-01-24,,86.24821835346982
2014-01-25,0.07524532580819311,76.66039653093698
2014-01-26,0.04302841197473746,85.53831783223632
2014-01-27,0.03924709454629341,89.13766192127409
2014-01-28,0.07066286823163655,78.17176917526355
2014-01-29,0.04209069882100303,92.86449717364958
2014-01-30,0.04748820899951469,90.52782650325975
2014-01-31,0.06464351139308769,88.68526905243996
2014-02-01,0.060668047523995024,86.05933218261302
2014-02-02,0.052884499451223484,86.26874369260868
2014-02-03,0.03965537429385321,89.21273345754524
2014-02-04,,86.73021807873785
2014-02-05,,97.7769789607708
2014-02-06,0.07623190705798993,87.52034266943704
2014-02-07,0.03206807454600716,94.17436061413291
2014-02-08,0.030172958511321176,93.41221877001942
2014-02-09,0.017405772100266212,95.22629614041843
2014-02-10,0.029394896101347608,91.60854084547987
2014-02-11,,97.14506179766335
2014-02-12,,90.0560451701932
2014-02-13,,90.73020509162355
2014-02-14,,98.76509643148837
2014-02-15,0.008127231884420924,97.19126686443738
2014-02-16,,99.17412682221493
2014-02-17,0.04707924818401925,76.06020979633179
2014-02-18,0.03999462187262972,79.40180200457631
2014-02-19,0.04590641540492109,84.61340836114465
2014-02-20,0.051031593146393245,87.36796019142768
2014-02-21,0.07853646967408796,84.73099533026354
2014-02-22,,96.44311149916388
2014-02-23,0.03720907660483307,91.06680162880906
2014-02-24,0.060398633814102695,85.45541760358854
2014-02-25,0.048764720318045206,90.10348860635027
2014-02-26,,89.92173859179235
2014-02-27,,95.30807999541967
2014-02-28,0.01772939759065162,94.13974312311066
2014-03-01,,97.28018676541951
2014-03-02,0.02440604738429787,89.79603142184834
2014-03-03,,90.75144656240396
2014-03-04,,94.10199147952247
2014-03-05,,94.15587269991421
2014-03-06,,90.05577375412012
2014-03-07,0.03406307942402699,90.38815866266611
2014-03-08,0.030563771894035467,91.3559122272036
2014-03-09,0.03809708240438378,91.41540650781076
2014-03-10,0.04708981206810375,90.92224341855977
2014-03-11,0.03288079040103578,90.18606351608793
2014-03-12,0.035698904012045535,89.74314435442406
2014-03-13,0.038471787452668896,88.87366601626518
2014-03-14,0.03658549223752194,91.54426300040012
2014-03-15,0.04845669018955638,91.93321216023577
2014-03-16,0.0511698340691873,92.70400079038663
2014-03-17,0.0486990795463026,92.92413775109479
2014-03-18,0.025929585392109673,95.91442275291472
2014-03-19,,94.8119863353928
2014-03-20,,90.09887702696152
2014-03-21,,94.6207538158231
2014-03-22,,96.61619601372405
2014-03-23,,94.45226909583664
2014-03-24,,95.68955715169413
2014-03-25,,90.29267015229146
2014-03-26,0.058058809076525636,88.05402644630423
2014-03-27,0.05845047265444874,86.19326216930867
2014-03-28,0.05424513461651015,85.2082454220041
2014-03-29,0.05389334170979728,84.33640815413281
2014-03-30,0.0756051388736526,82.03427222086866
2014-03-31,0.07887908209878305,84.4327046674876
2014-04-01,0.0769363455252201,86.38696894406456
2014-04-02,0.08664893641738969,84.26647643006416
2014-04-03,,94.22260893056573
2014-04-04,0.037843961097245526,87.93106682905946
2014-04-05,,94.15447810009984
2014-04-06,0.14412481618447467,90.25113993480886
2014-04-07,0.12828928838472697,90.05261397588549
2014-04-08,0.0736174161069707,82.18792574919084
2014-04-09,0.08150983660779032,81.46835215768436
2014-04-10,,81.43652985870273
2014-04-11,,82.5616733054199
2014-04-12,0.2524683953649368,89.77092108021264
2014-04-13,0.132549745303546,89.87958258614255
2014-04-14,0.09662240250359926,86.75122564263735
2014-04-15,0.09568175126660022,84.56706544539504
2014-04-16,0.11016325625026124,88.7638521026625
2014-04-17,0.15383168827959656,85.13719670400981
2014-04-18,,84.16397253121033
2014-04-19,0.0499679214942787,89.66301510689512
2014-04-20,0.09096392870137067,83.26221710668923
2014-04-21,0.09677941331723316,83.57357348797973
2014-04-22,0.18693063434407955,79.6951257378278
2014-04-23,0.20880991663791398,80.95264487325201
2014-04-24,0.1617152458124115,84.1803887324784
2014-04-25,0.11367402115318637,86.6841494717084
2014-04-26,0.10767721782131993,89.04560437642057
2014-04-27,0.12128522275656636,85.42071223844339
2014-04-28,0.12596817718860462,84.60414160888261
2014-04-29,0.08084371195198488,92.89912607902103
2014-04-30,0.20240250596338163,88.06925874701005
2014-05-01,0.1965110515214264,90.19070173095467
2014-05-02,0.0549846541431348,95.74732572895999
2014-05-03,0.025863272410931417,96.62360089940817
2014-05-04,0.015339802957510282,98.4480082757322
2014-05-05,,97.54319727175321
2014-05-06,0.025179896051858743,94.81070306819971
2014-05-07,0.030824700666967027,93.30300365987165
2014-05-08,0.06774555947977119,90.44722657313827
2014-05-09,0.11250164681566606,82.66977456258329
2014-05-10,0.12751238596584993,82.37013462090303
2014-05-11,0.10856727130919805,84.54662441287995
2014-05-12,0.11618152779866191,84.27182489496728
2014-05-13,0.08107714903382587,85.79843158601685
2014-05-14,0.062017705521971694,84.2596079389997
2014-05-15,0.0762383048712468,85.74108894797247
2014-05-16,0.07019416327469531,85.1691374448906
2014-05-17,0.12973641621199664,83.9431135947276
2014-05-18,0.12488317128957113,85.52308130925826
2014-05-19,0.1871659230040178,85.89119086597134
2014-05-20,0.21364768701749412,80.87108978249285
2014-05-21,0.15804644164196086,77.81551284684352
2014-05-22,0.1191449732941831,81.93507658115632
2014-05-23,0.16931137614060904,84.0528522229884
2014-05-24,0.04588736881213175,90.33146338769325
2014-05-25,0.07002258998314931,90.41156732244382
2014-05-26,,93.56289720895288
2014-05-27,,96.47061536790332
2014-05-28,0.01972737726099993,94.97569066721468
2014-05-29,0.009729349002791878,98.1328609640431
2014-05-30,0.012381790839103408,96.69268248525029
2014-05-31,0.012649718818211081,97.92062660947249
2014-06-01,0.01539925258429278,97.4119129159857
2014-06-02,0.022398921343730508,93.01784661369493
2014-06-03,0.025978170148850798,96.42739493529842
2014-06-04,0.04476806163374249,95.07343408736072
2014-06-05,0.088692418771148,90.97340313063194
2014-06-06,0.1156505025928522,91.9151286920081
2014-06-07,0.060299754722294555,95.49092203351607
2014-06-08,0.0621478007259497,95.37419506046058
2014-06-09,0.046083495664498736,96.1592729840013
2014-06-10,0.05637201124049281,94.52573395386798
2014-06-11,0.047407053768680846,92.81860681857444
2014-06-12,0.09617814262357627,89.47335471643052
2014-06-13,0.08529205639392624,90.88575329195436
2014-06-14,0.023011163833128206,97.0898130584194
2014-06-15,0.03700178349378771,95.64553160702641
2014-06-16,0.043635274551206325,95.43239998240381
2014-06-17,0.014428326345325579,96.38855826086424
2014-06-18,0.013768182478124958,97.76345035227334
2014-06-19,0.013535897540689547,97.08723068197058
2014-06-20,,97.3842749101497
2014-06-21,,99.61010542529225
2014-06-22,,95.60064876638522
2014-06-23,,96.11881482509594
2014-06-24,,96.16623742766211
2014-06-25,0.030923515110066264,94.91738549408686
2014-06-26,0.012334665473538156,98.02675711841938
2014-06-27,0.006578968419081569,98.99829779140433
2014-06-28,,97.05788617358671
2014-06-29,,98.40614218930357
2014-06-30,,95.89516939895245
2014-07-01,,97.4097023313897
2014-07-02,,98.33720509425498
2014-07-03,,96.4331222125512
2014-07-04,,97.84021840576106
2014-07-05,,98.23682354308161
2014-07-06,,96.98332976013039
2014-07-07,,96.39591673030817
2014-07-08,0.025134552300870267,96.60162158634313
2014-07-09,,98.79515717952553
2014-07-10,0.00888179027841974,98.1705962608762
2014-07-11,0.022844867415603796,96.15586607041988
2014-07-12,0.010179951387448167,98.12195879049406
2014-07-13,,96.42610091992286
2014-07-14,,98.11052197310343
2014-07-15,,96.06242230118454
2014-07-16,,96.07137610001139
2014-07-17,,97.79616104016853
2014-07-18,,97.25312886441593
2014-07-19,,97.1928268318448
2014-07-20,,98.43117345122918
2014-07-21,,96.99955895571244
2014-07-22,0.006119993091765128,97.3953525896065
2014-07-23,,96.56078597249113
2014-07-24,,98.33518659309478
2014-07-25,0.011151697849771122,96.7406647183904
2014-07-26,0.006035889400480944,97.86011969275056
2014-07-27,,98.72471832897708
2014-07-28,0.005826920823628584,97.78085555848168
2014-07-29,0.008693521614623547,96.64545745860764
2014-07-30,0.0050556433310705445,97.73660968996573
2014-07-31,0.004705315425401919,97.42619647923155
2014-08-01,,97.76314297440551
2014-08-02,0.0027141906830747973,98.69922690987968
2014-08-03,,98.06191371062116
2014-08-04,,97.18381178743847
2014-08-05,,96.28810659810247
2014-08-06,,96.25755945499786
2014-08-07,0.0035077597429441043,98.63324855333015
2014-08-08,0.007909110462066734,96.73584638213643
2014-08-09,0.00513468356768095,98.42988912777857
2014-08-10,0.006143122071162264,97.78147308507211
2014-08-11,0.0046500521408424315,98.13576877725887
2014-08-12,,96.97142579664059
2014-08-13,,98.49872212380288
2014-08-14,,98.95997854395804
2014-08-15,,97.85255610300322
2014-08-16,,97.60476511337107
2014-08-17,,98.92518226108544
2014-08-18,,98.521018668056
2014-08-19,,98.53971491835229
2014-08-20,,99.25741848561333
2014-08-21,,98.65373743102343
2014-08-22,,95.90936504749489
2014-08-23,0.014940970114365702,97.25387289568317
2014-08-24,0.010321157831378278,98.33488871445435
2014-08-25,,98.8215527832889
2014-08-26,0.0014084409684559896,99.70088536066994
2014-08-27,,98.06703398363132
2014-08-28,0.018570483321190132,95.98882558599958
2014-08-29,0.010709795967648829,97.87317308501937
2014-08-30,0.009411365968376552,96.47756520397566
2014-08-31,0.008196989601836313,97.57255174998957
2014-09-01,,96.76011663250709
2014-09-02,0.009226577917453864,96.50386693266222
2014-09-03,0.006375164842630952,96.87879926315996
2014-09-04,0.009441983309277471,95.03061700853681
2014-09-05,0.007551185405454457,96.24986826960587
2014-09-06,0.013280127446351946,95.2366619134797
2014-09-07,0.005758804400794268,97.7467222178549
2014-09-08,0.0077297467803137485,97.59510518599302
2014-09-09,,97.2343093499848
2014-09-10,,97.28941736921489
2014-09-11,0.011415364035699819,96.81400398396374
2014-09-12,0.005292405999546027,98.28473593560567
2014-09-13,,97.55998534758767
2014-09-14,,97.23812938322723
2014-09-15,0.012447352991408039,95.49197593147667
2014-09-16,0.006527057418544372,97.36643814999869
2014-09-17,0.01596399541088653,94.2676569559631
2014-09-18,0.009459544051916681,96.6483902591512
2014-09-19,0.004884394070659027,97.89077356240401
2014-09-20,,97.15171412807278
2014-09-21,0.011908139846400283,96.15245393491564
2014-09-22,0.010755750329293198,95.33003718610053
2014-09-23,0.004634956022268777,98.87722058954952
2014-09-24,0.005108423581865425,98.63808507710061
2014-09-25,0.003444125321837584,99.07418305015247
2014-09-26,0.009424047877431025,97.88244997436406
2014-09-27,0.011748894432369532,98.0319955489174
2014-09-28,0.02347937767582622,96.97212279411535
2014-09-29,0.010889527185687434,98.3292150175328
2014-09-30,0.013735814596975584,96.84491383854986
2014-10-01,0.012567763374267507,96.13649655870451
2014-10-02,0.008528286636720674,97.84378867458115
2014-10-03,0.006824719008608379,98.55735837246033
2014-10-04,0.021522318739635737,95.43287484206786
2014-10-05,0.02091591596361991,94.70335380081896
2014-10-06,0.02038600664320932,94.55949667793728
2014-10-07,0.02050524143410258,93.94595896000601
2014-10-08,0.01807061892765808,94.3479644746008
2014-10-09,0.015893120168192207,95.17051931231913
2014-10-10,0.02033551599624449,93.35259729886181
2014-10-11,0.014866846679732496,94.87576871310533
2014-10-12,0.014719338485320995,95.65586418799921
2014-10-13,,98.26615483963252
2014-10-14,,99.15285857579471
2014-10-15,0.009029333181555547,95.49438910058286
2014-10-16,0.014503621247252192,94.13805904028578
2014-10-17,0.020631196795378493,90.73037993479225
2014-10-18,0.017428106986442333,92.04165994164501
2014-10-19,0.025947556127791906,88.63517087283493
2014-10-20,0.018835745260998335,92.93940719991924
2014-10-21,0.014232833609440101,95.16132850238436
2014-10-22,0.012230062727784314,94.81128360630704
2014-10-23,0.015325362386258881,94.96707145615655
2014-10-24,0.014397553404284679,95.09155711927244
2014-10-25,0.009032732237646113,96.71836513816228
2014-10-26,0.012210527235359819,94.77964504671591
2014-10-27,0.014235347076594091,94.43572525114044
2014-10-28,0.00700330685722282,97.93740263902055
2014-10-29,0.007263478995526652,98.36897537307264
2014-10-30,0.026361624757757947,95.05394322381187
2014-10-31,,95.47587621267328
2014-11-01,0.03634023750602905,94.94116774196571
2014-11-02,0.026844714524925713,93.85301732900139
2014-11-03,0.026166414430585812,94.20023521824736
2014-11-04,0.029318245398302634,93.79599243418384
2014-11-05,0.018329592330921535,96.42325006609111
2014-11-06,0.02806514930136595,93.09370219462056
2014-11-07,0.023293370822686416,94.51771709198418
2014-11-08,0.02965688027499649,92.39271837941894
2014-11-09,0.0479116213108592,88.18439956325106
2014-11-10,0.03355330775819292,90.99573020939201
2014-11-11,0.045204291390639945,91.09413599700792
2014-11-12,0.05504894841663813,87.49359155352838
2014-11-13,0.06727730583105783,87.48778181197561
2014-11-14,0.06207941890672972,88.62179310608951
2014-11-15,0.059964284355598536,89.93939709855712
2014-11-16,0.06810035583056656,90.11873335872427
2014-11-17,0.057061935921735384,91.99373802909616
2014-11-18,0.07667406650940575,92.1597593883453
2014-11-19,0.03564084081195768,94.58854641934656
2014-11-20,0.05520095031846348,90.35663885096108
2014-11-21,0.06529713320034695,89.50896251306496
2014-11-22,0.03666017501791398,91.80375985779594
2014-11-23,0.05157467310980887,89.02894488203765
2014-11-24,0.07736898890195643,85.45871568857379
2014-11-25,0.05840814677220159,88.50756849218197
2014-11-26,0.04860891091749614,91.02559384543264
2014-11-27,0.02189292744749875,97.00103674829096
2014-11-28,0.04451541367612047,92.97353406721307
2014-11-29,0.05574191180306402,89.69216194043165
2014-11-30,0.07796948691979046,88.61816465878834
2014-12-01,,88.28576879090816
2014-12-02,0.13614604152862742,88.45956502083234
2014-12-03,0.060625348785590685,89.72462119793732
2014-12-04,0.05614359231760673,89.43775031941087
2014-12-05,0.05758565658464614,87.63654903520768
2014-12-06,0.05594791898572006,87.99741669074236
2014-12-07,0.07191274926808965,86.53429186601386
2014-12-08,0.04951831583064358,88.42695769811262
2014-12-09,0.032973499890832654,90.58231711707644
2014-12-10,0.03395048528539666,89.31336693985028
2014-12-11,0.029077246913577916,87.28476798595366
2014-12-12,0.036390906506667826,85.48660353722684
2014-12-13,0.009703502761817718,97.55477185321992
2014-12-14,,97.6477453075086
2014-12-15,0.01781049738450037,94.63629832783242
2014-12-16,0.01636199330531573,95.42666857560384
2014-12-17,0.08513087621734966,70.02805950879838
2014-12-18,0.053750476886753634,79.91010118274991
2014-12-19,,79.60489991630541
2014-12-20,0.05118416575194587,82.75316677823092
2014-12-21,0.04463460254219268,83.25956932437153
2014-12-22,0.04839775924983623,84.70036850585176
2014-12-23,0.03444883694598376,89.25167111988702
2014-12-24,0.061340179286352006,79.19303634101949
2014-12-25,0.07995870910853427,77.93144019110747
2014-12-26,0.05799947497791005,83.1340766565303
2014-12-27,0.05984221499955646,81.84679170145024
2014-12-28,0.051994325391653884,80.75785858275009
2014-12-29,0.034167548421371804,86.34234487880315
2014-12-30,0.03218841848219679,86.38649829589262
2014-12-31,0.038912170115395994,82.03800236427635
2015-01-01,,88.33959074466125
2015-01-02,,97.44042022470086
2015-01-03,0.003139707290717596,98.31124021208467
2015-01-04,0.009843615041934872,95.94595073631727
2015-01-05,0.045796592229673624,83.65005809568378
2015-01-06,0.04648640083731362,89.06754408096535
2015-01-07,0.03757948784453976,91.88786241159482
2015-01-08,0.09694844839395853,72.1826878254498
2015-01-09,0.05800607702217304,78.4486754128406
2015-01-10,0.034065430402732515,85.70352240787535
2015-01-11,,86.1099708564587
2015-01-12,0.038448165093153325,85.73656518918524
2015-01-13,,86.38559615373268
2015-01-14,,94.28750504873182
2015-01-15,,91.88368346580367
2015-01-16,,91.76857395412546
2015-01-17,,84.29588212926788
2015-01-18,,86.85202183313395
2015-01-19,,85.67159332967181
2015-01-20,,83.3784100446228
2015-01-21,,88.38402173608235
2015-01-22,,91.38997401230736
2015-01-23,,92.17915732012234
2015-01-24,,83.55613634886183
2015-01-25,,85.01040993283242
2015-01-26,,88.00200431170853
2015-01-27,,83.3892396257839
2015-01-28,0.029665245631398635,86.03681079059446
2015-01-29,0.02250316053535706,91.04717165546384
2015-01-30,0.033907934782575824,90.93427117908797
2015-01-31,0.04986689482957794,88.66869921322407
2015-02-01,0.06597223597951726,87.90686817853846
2015-02-02,0.051468252953295615,91.11101136877505
2015-02-03,0.02313262202295707,94.72167767918447
2015-02-04,0.02230194729631854,91.23617542193172
2015-02-05,0.02984195617184271,90.67230828609567
2015-02-06,0.06518260640073649,83.55981150773334
2015-02-07,0.07408689903854414,84.84942431575256
2015-02-08,,85.40623596144556
2015-02-09,0.0481255219911817,86.43531086769727
2015-02-10,0.05734645618212532,84.8040068511194
2015-02-11,0.05371351773065253,88.16364784491829
2015-02-12,0.05960177649708014,90.05516898720253
2015-02-13,0.056918880945882495,90.73194709763615
2015-02-14,0.04202391054257707,95.25529394031209
2015-02-15,,92.77626114698172
2015-02-16,0.07442241034144131,93.66201504830792
2015-02-17,0.09077487329970678,92.67790867442156
2015-02-18,0.07587089075294698,93.59109162865343
2015-02-19,0.036356323379835076,92.48288386356627
2015-02-20,0.04258681426877222,92.83723567424171
2015-02-21,0.06634597523736172,93.03833762608394
2015-02-22,0.07298292773451077,90.49022920786788
2015-02-23,0.06347236521566933,93.99554538461759
2015-02-24,0.11813550914476792,91.75233855181084
2015-02-25,,95.96361002923608
2015-02-26,0.010000558757417066,98.34424032973847
2015-02-27,0.04344881129673746,88.02384343950735
2015-02-28,,84.86303109898125
2015-03-01,,99.9795334426004
2015-03-02,0.00604132839124529,96.89518678356023
2015-03-03,0.006978593179580889,97.02748081714991
2015-03-04,0.01845248501968833,92.97122822564859
2015-03-05,0.03912264497442569,85.7872645099789
2015-03-06,0.03593954648483184,88.08535992554943
2015-03-07,0.05297445055137845,83.45337368610002
2015-03-08,0.043361370094207964,88.19148632923837
2015-03-09,0.03705163627896752,86.97291911133748
2015-03-10,0.04774907389623806,82.97653640758737
2015-03-11,0.048967708908602164,80.33550340899593
2015-03-12,0.06108269952146903,82.18305443024967
2015-03-13,0.08445892423035581,85.31335289524175
2015-03-14,0.06580473732508729,89.66213576533772
2015-03-15,,96.08220983307608
2015-03-16,0.01828166443117444,93.38217760989022
2015-03-17,0.038023793983395185,85.54111086359018
2015-03-18,0.014184924819129665,95.23720556868176
2015-03-19,0.03467575724893753,89.63157619153375
2015-03-20,0.05099320231994247,87.12006198321104
2015-03-21,0.06166872266359358,90.01113641665815
2015-03-22,0.053877705197647625,91.66451021004016
2015-03-23,0.042423825390988476,94.16297611732917
2015-03-24,0.059674031188710425,92.00341287592836
2015-03-25,0.050622181359517314,94.93751931812456
2015-03-26,0.061480559897014155,94.38138099657762
2015-03-27,0.0157813882967529,97.24168930448297
2015-03-28,0.0447486734130384,93.0364710757935
2015-03-29,,95.61325381109015
2015-03-30,,97.95752165060941
2015-03-31,,93.18451102150571
2015-04-01,,92.36627458958748
2015-04-02,,90.8595612177067
2015-04-03,,95.91657040594079
2015-04-04,,94.3268166148779
2015-04-05,0.034726825769801226,91.21362362790035
2015-04-06,0.037928997677900145,90.55344476264167
2015-04-07,,89.56773678463695
2015-04-08,,86.80924620317964
2015-04-09,0.035738632644902776,88.04950515924517
2015-04-10,0.03567977541802313,90.89515061368459
2015-04-11,,87.50804546921255
2015-04-12,,95.22484359291845
2015-04-13,,97.64826094304262
2015-04-14,,92.64761098178906
2015-04-15,,95.67551186731129
2015-04-16,,92.16776440289102
2015-04-17,,95.97362998856009
2015-04-18,,96.37521308313723
2015-04-19,,92.82031689316833
2015-04-20,,90.74581457286187
2015-04-21,,91.52552192704083
2015-04-22,0.030996486123194444,95.69746771883989
2015-04-23,0.04273664141970141,89.63947029401538
2015-04-24,0.02883372593677775,93.46632477484627
2015-04-25,0.0007992302209134202,99.869241969622
2015-04-26,0.02265056582204053,92.74795810548414
2015-04-27,0.02197592858812811,94.93623277155379
2015-04-28,,95.82536622445784
2015-04-29,0.01726481345185962,97.09735690651007
2015-04-30,0.0288875161641659,94.25282599574743
2015-05-01,,93.74813490334675
2015-05-02,0.013792063486223381,97.1305536989191
2015-05-03,0.031798586936442656,90.16569649722052
2015-05-04,0.03630456840134576,89.53213452714962
2015-05-05,0.0453592222961034,89.84509244078228
2015-05-06,0.04058973798257281,93.75180157892551
2015-05-07,0.0579196601873156,93.67116115386175
2015-05-08,0.011106860716191392,99.11574402642992
2015-05-09,0.01875120361634208,97.76796636206836
2015-05-10,0.020469819213322745,98.06759865215498
2015-05-11,,98.04677871106448
2015-05-12,,93.9844236226753
2015-05-13,,96.60808566575577
2015-05-14,,92.49251299821204
2015-05-15,,91.05630291436314
2015-05-16,,95.86612633110072
2015-05-17,,95.81646280436387
2015-05-18,,98.24351996553689
2015-05-19,,98.16857062384528
2015-05-20,,95.68967514332705
2015-05-21,,92.23173965094966
2015-05-22,,90.15087338430257
2015-05-23,,91.13609788519413
2015-05-24,,91.97623977935905
2015-05-25,0.06062178767873347,91.75819352919142
2015-05-26,0.05341414479900576,92.07125252215145
2015-05-27,0.04521190106298004,91.21906517454555
2015-05-28,0.0471375718601926,92.86647380926858
2015-05-29,0.06964902035032146,92.37289355734416
2015-05-30,0.09327534915863162,93.01514703220273
2015-05-31,0.0625200559580849,91.71168378914975
2015-06-01,0.06928837923457296,87.4049660368175
2015-06-02,0.06961950629591251,87.33857112297875
2015-06-03,0.07780958229800929,88.5664037254785
2015-06-04,0.029701722457738524,96.73290375390557
2015-06-05,0.04997046176126636,91.0733511649347
2015-06-06,0.08347938897565252,88.72282185994185
2015-06-07,0.07914920561786769,89.27911047606091
2015-06-08,0.08073664826351452,89.99539460340986
2015-06-09,0.11941893458573857,88.41393051390098
2015-06-10,0.07432703779552895,95.37217765018914
2015-06-11,0.040534342545081765,98.5219399888179
2015-06-12,,96.28500559397185
2015-06-13,0.03985137311936458,95.29471204343298
2015-06-14,0.04983338956719578,93.7105665917374
2015-06-15,0.011577262680277329,96.79899549110924
2015-06-16,0.016830670818950764,97.2442840476615
2015-06-17,0.011603119579370555,96.62259460571913
2015-06-18,0.022319886251287023,95.03043488141155
2015-06-19,0.010003882354437204,97.1471814879372
2015-06-20,0.01746239242026256,94.72410731158229
2015-06-21,0.021564712561306452,93.28205604470644
2015-06-22,0.012803812150487023,96.74760076428495
2015-06-23,0.014572198215415859,95.80430884612316
2015-06-24,,95.87610823386247
2015-06-25,0.011891359500003851,96.92612019452572
2015-06-26,,98.66617127704669
2015-06-27,,98.39128144944766
2015-06-28,,97.41094872658964
2015-06-29,0.028088018208844184,95.90721964438883
2015-06-30,,95.25819941622873
2015-07-01,0.03475814969663104,95.43041611114845
2015-07-02,0.026827516326241408,96.11782432285706
2015-07-03,0.01570560263394703,97.12607642182385
2015-07-04,0.013092287493616161,98.15803469659961
2015-07-05,,97.86293043282245
2015-07-06,,99.2329233691667
2015-07-07,,97.16901908542253
2015-07-08,,97.48567194897801
2015-07-09,,97.99753886553835
2015-07-10,,96.39595494986531
2015-07-11,,96.96857691965506
2015-07-12,0.03056208895975406,94.44108918336399
2015-07-13,0.020392730858932884,96.92094629767917
2015-07-14,,97.34477091876137
2015-07-15,,98.09409958550205
2015-07-16,,97.41408970116046
2015-07-17,,96.74462039673824
2015-07-18,,97.46291137816799
2015-07-19,,97.9964717430808
2015-07-20,0.01041928225310696,97.59429863725063
2015-07-21,,97.80579664059155
2015-07-22,,97.14146085113639
2015-07-23,,97.32334896980805
2015-07-24,,93.27203493744894
2015-07-25,,98.31670489265075
2015-07-26,0.02514655642089643,94.27072993550206
2015-07-27,0.017003326120101855,95.34680335958777
2015-07-28,,96.89593986931864
2015-07-29,0.010669591745998115,97.9464993453005
2015-07-30,0.006251025114700927,98.39724169554214
2015-07-31,,99.34060975811802
2015-08-01,,98.42166680749894
2015-08-02,,97.23963047894163
2015-08-03,0.007631290739112706,98.40298820542489
2015-08-04,,97.53927218847193
2015-08-05,,97.04910514849288
2015-08-06,,98.58217531866494
2015-08-07,,97.14789751296028
2015-08-08,,97.08651919752883
2015-08-09,,98.47172227892442
2015-08-10,0.01635249532631576,97.0473292602663
2015-08-11,,96.301063556962
2015-08-12,0.02171437996425081,96.58858310792736
2015-08-13,,97.05374544633489
2015-08-14,,97.75760558661204
2015-08-15,,97.62835306075145
2015-08-16,0.02525381804556778,96.55316764976114
2015-08-17,,97.55568644295143
2015-08-18,,97.81652817922983
2015-08-19,,98.68318650543635
2015-08-20,,97.8894870192603
2015-08-21,,97.70079231069775
2015-08-22,,98.18989089569837
2015-08-23,,96.69744301784009
2015-08-24,0.01445136853920524,96.99263050978429
2015-08-25,,97.46362392009867
2015-08-26,0.004245652156859549,99.1332600220626
2015-08-27,,97.11902678436624
2015-08-28,0.015347017613206221,96.7364185900455
2015-08-29,0.017034186199000108,96.0511054913727
2015-08-30,0.018404522515595847,95.504096282238
2015-08-31,0.022461632322388125,97.23368750476243
2015-09-01,0.025068632874486418,97.70540178395613
2015-09-02,0.013182815038572125,98.37495463629018
2015-09-03,,95.71542239173631
2015-09-04,0.025062988754371865,97.2221134415158
2015-09-05,,98.13273097589546
2015-09-06,,98.4869999403701
2015-09-07,,94.6607538771369
2015-09-08,,95.2537429288611
2015-09-09,,96.51337211809602
2015-09-10,,97.68379496257606
2015-09-11,0.027393105153083793,96.58009701179564
2015-09-12,,94.81188175520788
2015-09-13,,95.80791056270581
2015-09-14,0.012613782316756772,98.2525071797628
2015-09-15,0.008770207230287052,98.04020792752155
2015-09-16,0.029174914858046384,95.66438340865753
2015-09-17,,94.47207552272707
2015-09-18,0.014224557932409617,95.69286012402331
2015-09-19,0.01688001030199211,95.41628259982686
2015-09-20,0.010438672946784954,97.54286484677772
2015-09-21,,96.26999214520262
2015-09-22,,96.52476152176308
2015-09-23,,96.74575527508755
2015-09-24,,97.65841697177424
2015-09-25,,95.71197324167005
2015-09-26,,97.5229647315973
2015-09-27,0.011912646829174834,98.19039433344258
2015-09-28,0.0376410784455431,94.74205194288385
2015-09-29,0.038980076273960405,93.91794929214213
2015-09-30,0.028275545265950663,95.18523906848873
2015-10-01,0.03732398354633658,94.63680957208092
2015-10-02,,95.70005868698955
2015-10-03,0.027173822669739934,95.82705816738391
2015-10-04,0.020328744735780523,95.91813505200957
2015-10-05,0.028158458700604762,94.2543765327728
2015-10-06,0.022013180369123333,94.69574199615568
2015-10-07,,94.88337455420597
2015-10-08,,94.31570544724983
2015-10-09,0.009672734843005343,97.7504461301455
2015-10-10,0.01091206835493914,98.26533332638517
2015-10-11,0.00677750115465172,99.3039647482997
2015-10-12,,98.88962012516343
2015-10-13,0.032993975150345155,95.1405856402972
2015-10-14,0.011845905467971539,98.36911991115942
2015-10-15,0.021597789931094194,96.15638363100267
2015-10-16,0.024218843803719626,95.14324704921036
2015-10-17,0.011020324940727069,97.47672979877882
2015-10-18,0.015422709869058748,97.02004374944883
2015-10-19,0.024755834854401134,96.28049743735461
2015-10-20,0.014904144136684191,97.85356066423833
2015-10-21,,96.08315166751366
2015-10-22,0.02739568435062372,95.6178829574302
2015-10-23,0.0481420299448023,92.23628962351684
2015-10-24,0.035479914494893336,95.59332982584117
2015-10-25,0.037037418270018434,95.3422799639833
2015-10-26,0.03174747897246115,95.47750024169872
2015-10-27,0.0322320484028616,95.1769188490985
2015-10-28,,95.48345997078714
2015-10-29,,96.57335146864648
2015-10-30,,94.94973425203737
2015-10-31,,95.21328306938531
2015-11-01,0.01975960441245427,94.66213068415634
2015-11-02,0.024126519929806852,95.10866188721208
2015-11-03,0.04028754488894927,93.7143291147114
2015-11-04,0.041771032134826275,91.79493301662663
2015-11-05,0.01777753089616716,96.93065238868962
2015-11-06,0.04515093582585389,92.63157962662851
2015-11-07,0.05188707190013459,92.53172927697038
2015-11-08,0.043064706942768885,94.13807867495399
2015-11-09,0.04401276481198453,92.92321514593873
2015-11-10,0.03629925342730209,94.1966556375067
2015-11-11,0.04472252804139054,93.13444423391239
2015-11-12,0.04351284747291754,93.07574723574332
2015-11-13,0.04292397956948744,94.04864334552782
2015-11-14,0.030185449500609356,95.92518361239813
2015-11-15,0.055129713410760034,94.56238781394741
2015-11-16,0.04249254919684696,96.74573834973489
2015-11-17,0.0937918102446977,92.85668622738649
2015-11-18,0.07293593260452452,92.27359294277161
2015-11-19,0.05956417635830634,92.42334968604608
2015-11-20,0.043263963737831125,92.10676672832766
2015-11-21,0.037255592358665705,93.53212862374575
2015-11-22,0.05508507084457082,91.1950823490729
2015-11-23,0.05614219841141669,91.6533774054688
2015-11-24,,89.74255104346149
2015-11-25,0.05882684878902894,90.24690559619074
2015-11-26,0.053853250372271934,92.04114866588435
2015-11-27,,95.83843368194668
2015-11-28,,95.76589651330944
2015-11-29,0.050081303511266384,93.17201223154717
2015-11-30,0.05407167420543628,91.32888403185918
2015-12-01,0.060742470212645984,91.33170407311061
2015-12-02,,93.43986815294033
2015-12-03,0.041896205460548,94.75634901140526
2015-12-04,0.0561111672055931,91.54835694050065
2015-12-05,,96.39439903869929
2015-12-06,0.008575069797809452,99.02922515364057
2015-12-07,0.013295470937452914,98.18093171308496
2015-12-08,0.03653922605436831,95.27103374313758
2015-12-09,0.045275268016368095,92.80282706109703
2015-12-10,0.027439563545519872,95.78020604049499
2015-12-11,0.03449415474140985,94.97051203360003
2015-12-12,0.03751177834549134,95.56887739907121
2015-12-13,0.040968835579275026,95.40945648596193
2015-12-14,0.06889754921549898,89.90978313907605
2015-12-15,0.05649071885221624,90.58782147009192
2015-12-16,0.06852261224428316,91.43180094942886
2015-12-17,0.010956718815921305,98.42616172678207
2015-12-18,0.04335736631700358,94.23091199191167
2015-12-19,0.06748355502685832,91.72606091823516
2015-12-20,0.045304976436738746,95.42686976972288
2015-12-21,0.04548668098963963,94.24885806009335
2015-12-22,0.06683529588653477,90.07767717722574
2015-12-23,0.04202842878675465,92.06131501679207
2015-12-24,0.011301443741330559,97.41105258647032
2015-12-25,0.09436800523762157,86.43870565553947
2015-12-26,0.08710365913680368,84.25810664631362
2015-12-27,,85.27071019888334
2015-12-28,,86.4476396325321
2015-12-29,,86.7485349760302
2015-12-30,,90.75638810564145
2015-12-31,,91.38408705038181
